ID;name;birthDate;email;groupRisk;livesRiskGroup;publicTransport;hourPublicTransport;environmentEquipment;inHomeOffice;vaccinated;score;gotCOVID;activeCase;contaminationDate;department_ID
000b03c7-f679-49aa-b4f9-de9bbd19fe3a;Macon;1997-06-18;senectus@Phasellus.co.uk;true;true;true;true;false;false;true;100;true;true;2020-02-06;1
01e67b8d-6809-4872-968c-0382857f560e;Camden;1961-12-26;ante@risus.ca;false;true;true;false;true;false;false;100;true;true;2021-02-26;3
01f1a6ee-3429-4458-8428-594035b47fec;Henry;1974-08-03;dis@nonummy.ca;true;true;true;true;true;true;false;100;true;true;2021-04-21;3
023626e7-caa7-4a61-a078-642c5e187c3a;Rylee;1989-06-24;parturient.montes.nascetur@nonummyipsum.org;true;true;true;false;true;true;true;100;false;false;2020-09-20;2
02afcec5-dbb8-4117-aad9-c19b93b7e6a1;Aspen;1964-11-06;aliquam@estNunc.org;true;false;true;true;true;false;true;100;true;true;2021-02-04;3
031620a2-ed7f-4448-85bb-a9d62bce6bed;Laura;1991-07-25;lectus@tristiquesenectuset.edu;true;false;false;false;true;false;true;100;true;true;2021-03-31;3
038301d7-caea-4db1-b694-71ac105e730a;Ulric;1962-07-30;Integer.aliquam@quis.org;false;false;true;false;true;false;true;100;true;true;2021-03-13;1
040aefa3-97dc-4743-98fa-c17997fd6b19;Emerald;1961-10-12;in@erat.ca;true;false;true;false;false;false;false;100;true;true;2021-02-15;2
040d43af-39ac-4fc6-b2c4-86032aca1540;Jasmine;1995-08-12;facilisis.non@magna.edu;true;true;true;true;false;false;true;100;true;true;2021-03-07;2
04422549-1958-4d1c-9a48-133e170186c1;Joy;1962-08-05;leo.Cras@massaIntegervitae.net;true;true;false;false;true;false;true;100;false;false;2020-11-20;1
045743fd-85c1-4877-89c9-a898a8477b49;Caldwell;1961-08-07;elementum@Nuncsollicitudincommodo.org;false;true;false;false;false;true;true;100;true;true;2020-12-22;1
05181146-4f4c-4c8e-9644-dd47448c0ad5;Hiram;1966-11-19;faucibus.orci.luctus@tempus.edu;false;false;false;true;true;true;true;100;true;true;2020-09-03;3
05423b77-42b0-47cb-98c0-0059892ae1f7;Karyn;1974-03-07;Sed.dictum@egestas.net;false;false;false;false;false;true;false;40;false;false;2020-08-19;1
06389456-8d75-4959-91d1-40d1769d19cc;Howard;1963-03-31;iaculis@liberoatauctor.com;true;false;true;true;false;true;false;100;false;false;2021-02-17;2
06c4488a-4184-4139-9882-889cc27cb3c2;Shaeleigh;1991-04-20;molestie@risus.org;true;false;true;false;false;true;false;100;true;true;2020-04-29;2
070e5244-8d12-4afd-b637-c20648c67ff6;Jaquelyn;1978-11-03;et.malesuada.fames@Duisrisus.co.uk;false;false;false;false;false;true;true;0;false;false;2020-09-18;1
077c88df-b8d1-4a69-8b46-359486e0478b;Carlos;1987-09-25;rutrum@condimentumegetvolutpat.org;true;true;true;true;false;false;false;100;false;false;2020-12-03;1
08c40484-df28-484e-9a01-a3175037d98a;Derek;1993-01-11;mi@inconsequatenim.ca;true;false;false;true;false;false;false;100;true;true;2020-12-03;2
09027162-710f-436b-931d-64e462f108bc;Ferdinand;1976-09-07;mus.Aenean@perconubianostra.co.uk;false;false;false;true;false;true;true;0;false;false;2020-07-07;2
0912bd36-f7b5-4236-b642-c73486bfadf5;Paula;1986-02-19;sit.amet@tinciduntaliquamarcu.edu;true;true;true;false;false;false;false;100;true;true;2020-07-31;1
0a676693-2700-44cb-a055-c86ff22d747e;Preston;1990-10-05;id.magna.et@ut.co.uk;false;true;false;true;false;false;false;60;false;false;2021-01-05;2
0ad289b1-3b2b-4ba2-9a1d-b59c038f6d96;Hadassah;1988-01-22;magnis.dis.parturient@Donecegestas.co.uk;true;true;false;false;true;false;true;100;true;true;2020-11-16;3
0b689e83-4dc6-43b7-a92a-79147c81e919;Aidan;2001-05-31;ligula@orciluctus.ca;false;false;true;false;false;true;true;100;true;true;2020-10-16;2
0bdb83b3-3367-4599-9ec9-6f427a944c46;Macey;1993-09-13;ligula@purus.co.uk;false;false;true;false;true;false;true;100;true;true;2020-01-20;2
0beeda55-cb05-4be7-b5a8-63176dcb3de3;Gregory;2002-09-30;lobortis.Class@ultricies.com;false;false;false;false;true;false;true;100;true;true;2020-09-23;3
0c3469eb-f8f2-42de-9fab-d3e7838f725c;Ava;1975-01-28;varius@necante.edu;false;false;true;false;true;true;true;100;true;true;2020-05-20;3
0cf64f9e-7d44-4cb9-8518-08bcbbb05f58;Odette;1962-02-02;eget.mollis.lectus@faucibus.net;true;false;false;false;true;false;true;100;false;false;2020-11-25;1
0d1c74ed-4a30-4b63-b63f-a9746de8c50d;Damian;1973-09-09;et@elementumdui.edu;false;true;false;true;true;false;false;100;true;true;2020-03-23;1
0d3d5b15-3bb9-4698-be8b-fded5cf3914f;Ezra;2002-09-08;placerat@malesuadavelconvallis.com;false;false;true;true;true;true;false;100;true;true;2021-01-15;3
0d70163f-81c5-4219-9e0b-44219b6aa890;Jack;1993-04-02;a@vestibulumneceuismod.com;false;true;true;true;true;false;true;100;true;true;2020-03-22;3
0e168708-c03e-4926-b255-539cb6c0c3ef;Allistair;1968-07-13;vulputate.velit@pedenecante.org;false;true;true;true;true;false;false;100;true;true;2020-08-15;2
0e4818b3-2554-4e2f-a9b0-e7ec3f52e8bb;Blythe;1972-04-13;non@at.edu;true;false;true;false;true;true;true;100;false;false;2021-04-05;2
0e79c134-df1d-4f95-9a3d-ad8b11f6adb2;Bo;1962-02-05;Integer.vulputate.risus@ac.edu;false;false;false;true;true;true;false;100;true;true;2020-05-31;2
0ebb3737-8dd4-477d-be65-7cac9868f494;Amir;1983-09-30;nulla.ante@adipiscing.edu;true;false;true;true;true;false;true;100;true;true;2021-03-01;2
0ec7fc92-2825-41a5-82bc-cba2161e6f1d;Erasmus;1978-11-29;in.hendrerit@felisadipiscing.com;false;true;true;false;false;true;true;100;true;true;2020-02-10;2
0f2081a3-f7ec-46d3-b473-52a6aa97b2ec;Chloe;2000-11-09;ac@nullaat.net;false;false;false;false;true;true;true;0;false;false;2020-05-02;3
0f3621df-4bbd-4b25-a1f2-9d6169e5235c;Sade;1983-07-27;egestas.blandit@adipiscing.com;true;false;false;true;false;true;false;100;false;false;2020-04-12;3
0f7ffd1b-8e16-4f0b-86e1-44e7acf18c76;Maisie;1989-07-23;laoreet.libero.et@elementumsem.edu;false;false;true;false;false;false;false;100;true;true;2021-04-09;1
129e609d-007c-4099-9b02-73122e130c3e;Hayden;1972-05-30;Duis@egestasa.ca;false;true;true;false;false;true;false;100;true;true;2021-01-06;3
12aef696-b404-4e82-b296-b768795493ef;Constance;1991-02-02;sit@risusIn.edu;false;false;true;true;false;false;false;100;true;true;2020-04-15;2
130ea285-79c4-4524-8e5e-88136c15dba6;Geraldine;2001-01-27;Nunc.ac.sem@arcuimperdietullamcorper.net;false;true;true;false;false;true;false;50;false;false;2020-09-01;3
1315f7fa-ebc1-4d0b-a41c-24ec0a65a117;Skyler;1972-05-27;velit.Aliquam@eratnequenon.edu;true;true;true;false;true;false;true;100;false;false;2021-03-30;1
133adb0f-445a-4751-beb1-0a3ff2ec1754;Phelan;1986-11-17;vel.nisl.Quisque@Mauris.com;true;true;true;false;false;false;false;100;false;false;2020-04-09;3
13b7fce5-81b3-4f97-ae23-4c260b634847;Nita;1965-02-22;diam.dictum@Donectempus.net;false;false;false;true;true;true;true;100;true;true;2021-02-18;3
13e4133b-3688-402d-95cb-8a001d8bf90b;Fallon;1962-10-15;enim.non.nisi@Pellentesque.edu;false;true;true;true;false;true;false;100;true;true;2020-11-04;3
14a09f94-1738-4957-acb4-681f2ad54733;Kessie;1993-12-10;volutpat.nunc.sit@et.edu;true;true;true;true;false;true;true;100;false;false;2020-11-06;1
14f9bc2e-b619-43bc-a2de-53df803548b1;Vincent;2002-03-11;odio@tristique.edu;true;false;false;true;true;false;true;100;true;true;2020-01-24;1
15018c56-dfca-4495-87c2-042937aee882;Adrian;1966-03-23;Aenean.euismod.mauris@congueIn.co.uk;true;false;false;true;true;true;false;100;false;false;2020-03-12;1
1539fc96-eff4-4155-a925-583234047287;Germaine;1966-05-22;et@sedleo.net;false;false;true;false;false;false;true;100;true;true;2020-01-13;2
1560e55c-80ee-4f30-8e80-af90c83abe06;Macey;1964-04-27;convallis.convallis@sedpedeCum.co.uk;true;true;true;false;true;true;false;100;true;true;2021-03-02;2
15640e73-a5b5-458c-ae9c-ff7fe9857b4a;Justin;1966-05-21;fringilla@habitantmorbitristique.com;false;true;false;true;false;true;true;100;true;true;2020-08-30;1
15ca1446-e41e-4fea-86c7-7baa0cb4b342;Cora;1973-09-28;amet@Ut.co.uk;false;false;true;true;false;false;true;100;true;true;2020-09-06;1
15e64121-053d-4b93-9b02-155fc84a5395;Wallace;1962-12-01;libero@Phasellus.net;false;false;false;false;true;true;true;100;true;true;2020-12-26;3
15fe5a7c-7f62-4f8c-bcfc-8b3b24f3eda1;Kelsey;1969-02-27;fringilla.mi.lacinia@eleifend.ca;true;false;false;true;true;false;true;100;false;false;2020-03-25;1
1646ccd5-7227-4527-a1b8-024f6a73e39e;Ruby;2002-02-15;tellus.Phasellus.elit@ridiculusmus.co.uk;false;false;false;true;true;true;false;100;true;true;2020-10-23;1
1658bece-2afd-4d9d-a47f-42cc07241718;Ursula;1983-08-17;vestibulum.nec@ornare.org;false;false;true;false;false;false;false;40;false;false;2020-05-06;3
16733942-cf9b-4e25-a0f0-31ca0c2ac29f;Chester;1960-06-23;cubilia@metusInnec.com;false;false;true;false;false;true;true;100;true;true;2020-07-22;3
16df206d-e5e8-4a81-8caf-88965c624a7b;Hayley;1976-07-12;porttitor@musAenean.edu;true;true;true;false;true;true;false;100;false;false;2021-03-18;3
17e040bd-8fc8-4a6a-b64e-5becb1d5cc7d;Keefe;1965-05-12;nec.mollis@eulacusQuisque.org;false;false;false;true;true;true;true;100;true;true;2021-02-20;2
186a3f5b-d273-4792-986d-e74c5f571e15;Noelle;1978-09-21;lacus@tinciduntDonecvitae.org;true;true;false;true;true;false;false;100;false;false;2020-04-06;2
198ffac3-fa84-44b9-8bda-54e9c545741e;Flavia;1989-12-27;ante.iaculis@Fusce.net;true;false;true;false;true;false;false;100;false;false;2020-01-19;3
19993d9c-4f4a-4063-bf5e-c4e34949cd90;Audra;1988-03-26;Nullam@eueleifendnec.com;false;false;false;false;true;true;true;0;false;false;2020-02-12;3
19a3ac4b-0cd7-4523-bb70-65813a09ff7b;Nayda;1978-10-19;a.ultricies@gravidaPraesent.net;true;false;false;true;false;false;false;100;true;true;2020-06-26;3
19fb23e8-dae7-4c7b-9d7c-fd9df341a7b2;Lani;2002-09-11;est@eratvolutpat.com;true;false;true;true;false;false;true;100;false;false;2021-04-27;3
1a0ff57a-2543-48d5-9820-59f69621d933;Colt;1992-06-05;enim.nisl.elementum@sempercursus.ca;true;true;false;true;false;false;false;100;true;true;2021-05-04;1
1a171976-ada6-4a7a-a719-1bddd2ee41b9;Honorato;1969-10-31;nisi.dictum@enimnisl.edu;false;false;true;true;false;true;false;70;false;false;2020-03-31;1
1a1b7b81-d1b0-437d-918a-64c210ea5ba3;Alexander;1978-12-16;vel@lacusUtnec.edu;false;true;true;false;false;true;false;100;true;true;2020-04-03;2
1a6444f1-ba2c-40fc-be00-8d0fd6be2537;Murphy;1965-09-29;Suspendisse@Innec.com;false;true;false;true;true;false;true;40;false;false;2021-03-09;3
1a72a9d6-918b-4574-a97e-25027858a7d9;Kirby;1995-05-13;adipiscing.elit.Curabitur@netusetmalesuada.com;false;false;true;false;false;true;false;30;false;false;2020-06-03;1
1a7407eb-6de1-4838-8a5a-d16b7c1437a2;Sharon;1991-12-06;venenatis.lacus.Etiam@arcu.co.uk;true;false;true;true;false;true;true;100;false;false;2021-03-31;1
1b756412-9a78-4590-b2ae-875c08d99201;Kaye;1998-08-13;at.arcu@neccursus.org;false;false;false;false;false;false;false;20;false;false;2020-03-02;2
1d15715b-484d-48ea-9eef-499decfb4fe0;Tanya;1983-01-18;Phasellus@lectus.edu;false;true;true;true;true;true;true;100;true;true;2020-02-07;3
1da47d79-2cd3-445a-952c-134cd11522b7;Marvin;1992-04-14;id@Pellentesque.org;false;false;true;false;false;true;false;100;true;true;2020-11-09;2
1e006441-cfae-4847-a6e3-b22ba5e89c5a;Renee;1965-10-22;eget.magna.Suspendisse@velturpisAliquam.co.uk;true;true;true;true;false;false;false;100;true;true;2020-03-12;2
1e8ecce3-cf56-49e6-ac69-a2e3a183fdf2;Brian;1976-03-28;Cras.eget@sodales.co.uk;true;true;true;true;false;true;false;100;false;false;2020-10-08;2
1f0d38d9-f833-4a98-a1f7-26657aa4696f;Abraham;1990-07-18;tempor@venenatisvelfaucibus.co.uk;true;false;false;true;true;true;false;100;false;false;2020-05-31;3
1ff4e06c-f6c4-4980-b21d-5f70c923e878;Russell;1966-03-15;dolor.Donec.fringilla@Aliquamnecenim.co.uk;false;false;false;false;true;false;true;100;true;true;2020-11-06;1
200d62c0-bb77-4d60-9016-10abf030ff74;Ryder;1964-01-14;magnis.dis@fringilla.org;true;true;true;false;true;true;true;100;false;false;2020-07-11;2
2052dc7b-99a8-484a-8043-e81077516972;Anastasia;1984-07-19;Mauris@quamquis.co.uk;true;true;false;false;true;false;true;100;true;true;2020-08-19;1
211b24a6-c9ec-46f9-84ee-f2a5f77bed18;Anthony;2000-05-12;a.enim.Suspendisse@molestie.com;true;true;true;false;false;false;false;100;false;false;2020-11-28;1
21372414-72b7-4505-8ea6-ecb835f05bb8;Dacey;1963-08-30;arcu@dignissimMaecenasornare.co.uk;true;true;false;false;true;true;true;100;false;false;2021-04-06;2
21735a3b-b6f2-4225-ac74-ec783b974555;Debra;1984-02-13;scelerisque.neque.sed@enimSed.co.uk;true;true;false;false;false;false;false;100;false;false;2021-02-25;1
21743513-d807-4b5d-9d85-c665c60cd4e3;Evangeline;1998-10-06;auctor.odio.a@euarcuMorbi.ca;false;true;false;false;false;false;true;0;false;false;2020-12-05;3
21b4e7a1-24a7-48a4-9ff6-5af5c74f0119;Jarrod;2001-05-02;aliquet@Duis.co.uk;false;false;true;true;true;false;true;0;false;false;2020-12-06;2
2247aa21-b078-4c46-a0e1-e28d3d79f464;Halee;1966-02-14;Aenean@ametrisus.net;false;false;true;false;false;false;true;10;false;false;2021-04-26;2
22d664db-7dcf-4e95-9497-f5c14c1a031d;Ahmed;1995-11-06;est@elementum.com;true;false;false;false;true;false;true;100;true;true;2020-11-22;2
22f1c348-ada0-4af0-ac29-6c93094a8506;Yardley;1990-08-25;Mauris.ut.quam@CurabiturmassaVestibulum.ca;true;true;true;true;true;false;true;100;true;true;2020-06-12;3
24751f08-056a-43bc-a189-38d8eba7aac3;Yen;1980-01-06;ut.aliquam.iaculis@aarcuSed.edu;false;true;true;false;false;false;false;70;false;false;2020-10-31;1
24872f91-085f-427e-a083-86104b66c54b;Vladimir;1991-06-13;lectus.rutrum.urna@massalobortis.co.uk;true;false;true;false;false;true;true;100;false;false;2020-08-25;3
24b996ec-ff5d-4615-87fa-c347c22a6248;Leandra;1971-08-30;dis.parturient@aliquetmagna.org;false;true;true;false;true;false;false;100;true;true;2021-05-10;1
2548676f-4fc4-46cd-9afb-869b95e6902c;Rina;1968-12-06;sapien@Nam.org;true;false;true;false;false;false;true;100;false;false;2020-05-12;1
2648026d-af46-410b-9ecf-1db2d5291a39;Luke;1962-04-01;ligula.Nullam.enim@nectempus.edu;false;true;true;true;true;false;false;100;false;false;2021-04-08;3
2662bda7-4992-4a2d-b184-a6075cee3115;Veronica;1985-06-24;vulputate@gravida.com;false;false;false;true;true;true;false;50;false;false;2020-07-26;3
28a40267-e231-4062-b00c-1bcd611bc7d7;Cherokee;1975-10-14;mauris.blandit@sagittisNullamvitae.ca;false;true;false;true;true;true;false;100;true;true;2020-04-08;1
2905ac1c-c855-4ee1-bb3e-56889de4c83f;Aaron;1971-12-25;tincidunt.dui.augue@ornarelectusjusto.ca;true;false;true;true;false;true;true;100;true;true;2020-03-18;2
2919ad06-64b4-4f44-9aa0-be640c0d1e9d;Aretha;2003-06-01;nulla@rhoncusProin.ca;false;false;true;false;false;true;false;100;true;true;2020-03-09;2
292e8993-9b0f-45a1-992f-8dbb78e6e237;Raja;1970-04-12;volutpat.ornare.facilisis@cursus.co.uk;true;false;false;true;true;true;true;100;false;false;2021-03-26;3
2970f8ab-481d-4937-9201-3d2e71461491;Martin;1978-12-04;Proin.vel@felispurusac.ca;true;false;true;true;false;true;true;100;false;false;2020-03-22;2
29bc3688-b45c-4f10-a770-0b8b188072e6;Colt;1998-08-09;interdum.libero@tristiquesenectus.edu;true;true;false;true;true;true;true;100;false;false;2020-04-12;3
29c3eb12-817b-49cd-86ea-1d7eaf8c8831;Omar;1979-08-13;massa@quamPellentesquehabitant.ca;true;false;false;false;false;false;false;100;true;true;2020-10-19;1
2a234d1a-49f4-4561-8ccd-0c499aa874ae;McKenzie;1977-06-09;Suspendisse.dui.Fusce@Vestibulumuteros.com;true;true;true;true;false;true;false;100;true;true;2020-06-14;3
2b36dfb2-4b6b-461a-b961-586bf6d6125e;Garrison;1978-07-29;amet.diam.eu@Maecenas.co.uk;true;true;false;true;true;false;false;100;true;true;2020-05-06;2
2b6c84bb-f0e6-4438-a123-a55f9bb243cb;Coby;1986-07-30;lectus.Cum@ametmassa.co.uk;false;false;false;false;false;true;true;0;false;false;2021-05-21;1
2c1f116a-4234-4a45-aa2e-5ebb5faf08fc;Anjolie;1960-07-18;lacus@aliquetsem.ca;true;true;false;true;false;true;true;100;true;true;2021-04-18;3
2c890098-f482-47e6-99b5-ea8b37d922bc;Aaron;1972-10-21;a.magna.Lorem@ornareelit.net;false;true;false;false;false;false;true;10;false;false;2020-10-25;2
2d61ec35-01be-4e9c-b16a-7a7aad3025e6;Ishmael;2000-05-20;pretium@Donecegestas.net;false;false;false;false;false;false;true;100;true;true;2020-07-11;3
2db9d7f4-8286-4350-8d45-a984ce3504fc;Shafira;1980-02-14;tincidunt.orci.quis@IntegermollisInteger.edu;false;false;false;true;true;false;false;60;false;false;2020-06-08;2
2e0b6a51-ae61-4bb9-a8d3-e98258ad252a;Josephine;1988-03-28;sem@hendrerita.org;false;true;false;false;false;true;false;50;false;false;2021-05-02;1
2e208175-68dd-49e9-a95c-7d1f7395d7bc;Rashad;1966-09-21;scelerisque.mollis@pellentesqueafacilisis.com;false;false;false;false;false;false;true;0;false;false;2020-03-29;3
2ee948a1-d2cd-49c7-9436-5a9f286ed7a8;Jerry;1991-07-26;blandit.at@rhoncus.com;false;true;false;false;true;false;false;100;true;true;2020-10-18;1
2f0b1d72-56a7-4b5f-b9e6-f881c8c773f0;Hamilton;1970-02-16;Morbi.sit@nuncsedpede.ca;true;false;true;false;true;false;false;100;true;true;2020-12-03;1
2f1c9419-4454-4286-926a-82534e9379da;Genevieve;1971-02-27;natoque@sociis.net;false;false;false;true;true;true;true;20;false;false;2020-03-16;1
2f25b6eb-a79e-46b8-9f2d-9a17a3463437;Ignatius;1978-06-18;elit.sed.consequat@facilisisvitae.org;true;false;false;false;false;false;false;100;false;false;2020-06-22;1
2f8d9b5a-6eb8-462d-84e1-f0334a81b0d6;Kaye;2000-09-14;luctus.ipsum@Pellentesqueultriciesdignissim.org;false;false;false;false;false;false;false;20;false;false;2020-01-25;2
2fb15eae-0276-47d2-a74f-ac19d99f10ef;Quinn;1966-08-21;ut@velit.net;false;true;false;false;true;false;true;30;false;false;2020-01-02;1
2fe10155-64d5-4f7a-9021-ee7d6d1b507a;Cedric;1983-06-01;odio@liberoProin.com;false;false;true;true;false;false;true;100;true;true;2020-01-26;2
3051c97b-a7a5-407a-a906-5353441c666b;Melanie;1979-02-24;nisl.sem.consequat@ascelerisque.net;false;false;false;false;true;true;false;100;true;true;2021-03-11;2
3065f408-81c4-4a27-918a-2b332271f9af;Luke;1998-12-13;Nulla.tincidunt@laoreetposuere.org;false;false;true;false;false;true;true;0;false;false;2021-05-04;3
307b7eb7-a44e-4662-b188-c88ebc2f3ae8;Adena;1983-10-11;dui@ipsumPhasellus.org;false;false;false;false;true;true;true;100;true;true;2020-04-11;3
31eadb93-4755-43e3-9fb8-5be6ab4aae75;Isaac;1987-05-30;quis@egetvolutpatornare.com;false;true;false;true;false;false;true;10;false;false;2020-07-22;2
329aa1c4-1c22-4104-aec1-37556e7fe036;Judith;2002-05-16;libero.lacus.varius@nec.net;false;true;true;true;true;false;true;0;false;false;2020-08-07;1
33283b6b-1679-42f0-9dd3-2cf351132f7a;Guinevere;1975-01-07;Cras.pellentesque.Sed@nec.co.uk;true;true;true;true;false;true;true;100;false;false;2021-04-15;1
33d4ce85-b55f-452e-97f9-b2f677644a07;Odette;1972-07-26;leo@Phasellusfermentumconvallis.net;false;true;false;false;false;false;true;10;false;false;2020-10-20;1
33fd6b05-b1da-4f7f-bb7b-84f1dacd3225;Buffy;1992-08-29;sem.magna@magna.edu;true;false;false;true;true;false;true;100;true;true;2020-03-12;1
3429cf45-dca6-46f8-a979-67c9e8e52e73;Mariko;1966-03-26;viverra.Donec@vellectus.net;true;true;true;false;false;true;false;100;false;false;2020-12-27;3
34d526fc-077e-4d4f-836d-95461c2f2b4e;Candace;1977-01-28;blandit@ultricesposuerecubilia.co.uk;true;false;false;false;false;false;true;100;false;false;2020-12-31;2
34d965c4-b685-4c7d-a1b7-e3c1bae82bf3;Ralph;1973-01-29;aliquet.odio.Etiam@maurisrhoncus.co.uk;false;true;false;false;true;true;false;100;true;true;2020-03-24;1
356a5703-e888-40bb-82ec-62ed2608062d;Emma;1982-04-22;Fusce@ipsumprimis.net;true;true;true;true;false;true;false;100;false;false;2020-06-07;3
358c65fe-6d40-45a7-9875-84ec88e3e138;Odette;1996-12-03;aliquam@sed.co.uk;false;true;false;false;true;true;true;100;true;true;2021-04-09;1
35c9badf-3d67-4226-93c4-f22d924ebbab;Tyler;1977-09-20;enim.commodo.hendrerit@Nuncmauriselit.org;true;true;true;true;false;false;true;100;false;false;2020-09-16;3
35deeb92-8d41-4b6f-b581-621dbefc8b8f;Allistair;2003-08-09;a@Proin.com;false;false;false;false;false;true;false;100;true;true;2020-03-19;3
35febee9-e37d-496f-b8e6-9a9466a7b9e8;Joy;1972-11-15;ultricies.ornare@ametconsectetuer.ca;true;false;false;false;false;false;false;100;true;true;2021-02-11;2
36062b2f-cfb2-40b4-b943-03b764fa43d4;Julie;1987-06-13;mattis.velit.justo@sapienAeneanmassa.ca;false;true;false;false;false;true;false;100;true;true;2020-05-13;3
369cea68-c49d-4cef-bb0d-072503668358;Sopoline;1984-03-18;Aenean@Crasconvallis.edu;false;true;true;true;true;true;true;100;true;true;2021-01-28;2
36f8e0fd-d1c8-44fe-bad1-c5e0bc230852;Wynter;1968-09-19;arcu.vel@ultriciesadipiscing.edu;true;true;true;false;true;true;true;100;true;true;2020-06-30;1
370aae6b-3cfd-4268-9f93-44a172f39a99;Gloria;1964-06-05;at.fringilla.purus@commodoat.com;false;false;true;false;false;false;true;100;true;true;2021-04-04;2
37230fd1-0f2d-4e20-9bfd-872b1c8804a0;TaShya;1980-05-15;elementum.sem@interdumSed.edu;false;true;false;false;false;false;true;10;false;false;2020-07-13;3
372f7368-e8ac-4d6f-920f-5598a4a29868;Melinda;1961-11-22;a.magna@nullamagnamalesuada.org;false;false;false;false;true;false;false;60;false;false;2020-11-22;2
37867bb5-3fa4-4048-8d60-ae70d0bec362;Thane;1989-10-29;libero.et@Uttinciduntorci.ca;true;true;false;false;false;false;false;100;true;true;2021-03-30;1
37a7cf79-8bd4-47e1-811b-e53c2706d463;Ocean;1988-09-22;diam.luctus@aliquamiaculislacus.org;true;false;false;false;false;true;true;100;false;false;2020-03-21;1
37ad6593-1910-43fc-a9dd-e6bbfeacab23;Ezekiel;1998-09-15;euismod.et.commodo@duiFuscediam.com;true;false;false;false;false;false;false;100;false;false;2020-07-21;2
37eb99fd-6f11-4348-a6bb-6d8f422a0bd2;Signe;1965-10-31;scelerisque@eleifendCrassed.net;true;false;false;false;true;true;true;100;true;true;2020-05-24;3
392c0a94-2855-44a2-98d0-397249dd1423;Len;1969-03-21;fringilla.est.Mauris@pedeSuspendisse.net;false;true;true;true;false;true;true;100;true;true;2021-03-19;3
39ad95ce-c737-4f4c-8dfe-e253efe9a624;Slade;1983-06-23;a@aliquam.ca;true;false;false;false;true;true;true;100;false;false;2020-01-13;1
3a1dbc52-35ba-404f-963d-12e6d7b5bc15;Jada;1973-08-19;nibh.Quisque@acfeugiat.edu;true;false;true;false;false;false;false;100;true;true;2020-06-15;2
3a4f5adb-d52d-4084-964f-ddf270261887;Jonas;1984-10-30;fames.ac@faucibusleo.com;false;false;false;true;true;false;false;100;true;true;2020-05-15;1
3a519c34-064b-4acb-a627-fb0a1fa8b3ba;Gail;1985-01-29;vulputate.dui@lacus.net;false;false;false;false;true;false;true;100;true;true;2020-05-16;1
3a54f462-7103-45aa-9e0f-bb6ec9058e67;Galvin;1979-08-22;mi.fringilla@pellentesquetellussem.co.uk;false;true;true;false;false;true;false;100;true;true;2020-08-27;1
3a5a7c12-094c-43e9-baca-e244047230bd;Cristiano;1994-01-01;cristianossn7@gmail.com;false;true;true;true;true;false;false;70;true;false;2020-02-06;1
3af05287-2b3b-4528-8deb-7f0cd38be22f;Kerry;1982-10-08;amet.consectetuer@vestibulum.org;false;false;true;false;false;false;true;0;false;false;2020-09-12;3
3bcc1d69-1771-40eb-bb9e-5194c4aca479;Carson;1994-05-03;est.Mauris@malesuadaInteger.com;true;true;true;true;true;false;false;100;false;false;2020-03-24;2
3be8df9a-d35d-4bae-8570-3fcb5939aee0;Ethan;1979-09-21;et.nunc.Quisque@Donecelementum.net;false;true;true;false;false;true;false;70;false;false;2020-03-26;1
3c311279-c9fc-40a4-a851-9c3b484d88d3;Flynn;1965-01-20;libero@metusAliquam.ca;true;false;false;false;true;false;false;100;false;false;2020-06-10;3
3cbeac19-1169-489d-98da-00488d878f6f;Judah;1970-07-22;ultrices.Duis@neceuismod.co.uk;true;true;false;false;false;false;true;100;false;false;2021-01-22;3
3d1cf73a-043a-4f03-8804-7908a2a9973a;Ian;2003-11-18;porttitor.scelerisque@blanditenim.co.uk;false;false;false;true;false;true;false;20;false;false;2021-02-19;1
3d379876-c869-4750-9f96-d64b5eb8abab;Forrest;1991-08-01;erat.eget.tincidunt@atpretium.ca;true;false;false;true;true;true;true;100;false;false;2020-02-04;3
3ea0f511-6689-43b8-b559-efe39f044fb8;Paloma;1987-01-22;eget.magna.Suspendisse@purus.edu;true;true;true;true;true;true;true;100;false;false;2020-03-23;2
3f1827b4-911b-42c3-95cb-e1b70cbbeeda;Ifeoma;1989-10-23;Praesent.luctus.Curabitur@sitamet.edu;true;false;true;true;true;false;true;100;true;true;2020-03-06;1
3f1a0fde-50ba-42ab-8385-6324ce79bc45;Rogan;1985-01-21;natoque.penatibus@odioauctorvitae.edu;false;false;true;true;true;false;false;60;false;false;2021-05-06;2
3f9ac0cf-f837-4c71-93f2-296f44b3b3d6;Cristiano;1994-01-01;cristianossn7@gmail.com;false;true;true;true;true;true;false;170;true;true;2020-02-06;1
405b4825-29b2-441b-8946-02be241cd928;Evelyn;1997-07-01;Aenean.egestas.hendrerit@acturpis.ca;true;true;true;true;true;false;false;100;false;false;2020-11-18;1
40684508-1317-4ee6-ab38-d5005987042b;Morgan;1991-02-01;magna.Nam@auctor.co.uk;false;true;false;true;true;false;false;70;false;false;2020-08-21;2
40e909f7-209e-4c97-b8bc-72d13669c1e6;Ashton;1989-07-04;auctor.quis@a.org;true;false;true;false;true;true;true;100;false;false;2020-01-25;2
417fa704-e05f-4691-96c8-45a1b91452a4;Abigail;1962-04-08;ac.eleifend.vitae@Proinnisl.net;false;true;true;false;false;true;true;100;true;true;2021-05-03;3
41f6d94b-13de-4944-8785-fa16e8851a82;Joel;2001-10-20;mauris@lacusvarius.ca;false;true;false;false;false;false;true;0;false;false;2020-10-13;2
422ef377-b422-4bd6-b2a6-e027d51588ae;Bruce;1993-11-13;vestibulum.nec@tellus.com;false;true;false;true;false;true;false;100;true;true;2020-06-13;2
42703378-4ae8-4867-8f69-3ce8e64c927d;Channing;1969-03-28;posuere@Sedmolestie.com;true;false;true;false;true;false;false;100;false;false;2021-02-01;1
42f64785-1b04-46ed-96fd-29f83b7130a4;Erica;1992-07-08;sit@vitaesodalesnisi.org;true;false;false;true;true;true;true;100;false;false;2020-12-06;1
43684d6d-2b12-42ab-9d81-7cb5ab397ed2;Hu;1992-04-06;quam.Pellentesque.habitant@quis.ca;false;false;false;false;false;true;false;20;false;false;2020-08-19;3
43b82a6f-380d-4d1c-867f-ca4a9efe492a;Mara;1998-08-24;Cras@vulputatevelit.co.uk;false;true;false;false;false;true;true;0;false;false;2020-10-05;3
44a2ff09-1dd2-445d-878f-9454dcd95e98;Indira;1979-10-09;lobortis.quam@Sednecmetus.com;false;true;true;false;true;true;false;100;true;true;2021-01-31;2
458a125c-047f-4908-8b2b-ddfe1d3a776b;Stacy;1960-05-06;lectus.pede.et@sitamet.co.uk;true;true;false;false;true;false;true;100;false;false;2020-08-03;3
463e3fec-b978-437e-b3d3-c52f1774f957;Germane;1973-05-06;pede.nec.ante@aarcuSed.net;false;true;true;true;true;true;true;40;false;false;2020-06-30;3
466b3dd5-8936-4f7b-b8ca-48a78860ceb5;Drake;1986-04-03;at@augueSed.org;false;false;false;false;true;false;true;100;true;true;2021-01-22;1
468f3bbe-bf4c-4e94-bf67-ea97aec50732;Harding;1962-06-29;volutpat.Nulla@Fuscefeugiat.com;false;false;true;true;true;true;true;30;false;false;2020-10-22;2
46b4d578-f311-45ee-b3a5-b797ca13e548;Tatiana;1983-10-21;Vivamus.nisi.Mauris@Integer.com;true;false;true;true;true;true;false;100;false;false;2020-06-29;3
46f865ec-e2b3-4397-b225-fd8cbda71d2a;Destiny;1995-07-13;convallis.ante@Sedauctorodio.ca;true;true;true;false;true;false;true;100;false;false;2020-06-03;2
470837f9-f6b3-467b-ba8c-16234c490bc5;Evangeline;1990-02-04;ipsum@PraesentluctusCurabitur.co.uk;false;false;false;true;true;false;true;100;true;true;2020-12-07;1
47837ac2-80d0-41f4-9ec4-99e4be5c67e6;Xavier;1981-11-07;morbi.tristique.senectus@nisi.com;true;true;false;true;true;true;true;100;true;true;2020-06-09;2
4784508d-94b7-4bfa-b3b8-7e63f0a8286d;Julie;1963-02-05;In.ornare.sagittis@Nuncullamcorpervelit.co.uk;true;true;false;true;false;true;true;100;false;false;2020-10-28;2
479ed04c-c761-4903-bfe3-06c31882c9b1;Leroy;1992-04-29;dolor.sit@atortor.net;false;true;false;true;true;true;false;100;true;true;2021-02-08;2
48c36891-dec3-4e82-8331-c275ac061268;Dominic;1977-11-27;rutrum.non.hendrerit@ac.net;true;true;true;false;false;false;false;100;true;true;2021-03-28;1
48f044b7-30cb-4678-a932-6d69f2cfe19a;Yvonne;1994-03-21;enim@Quisqueporttitor.co.uk;false;false;false;false;false;true;true;100;true;true;2021-02-24;3
4916b925-d768-4cc6-80d8-26f9c799afd9;Ira;1972-01-02;Cras.lorem.lorem@sed.org;false;true;true;true;true;false;true;100;true;true;2021-04-03;3
49ea7a13-1232-4ae9-be5e-5fbb21844e3c;Mariam;1976-03-01;ipsum@congueelit.net;true;false;true;false;false;true;false;100;true;true;2021-03-15;1
4aac7c97-9ec1-4aaa-b7b8-3c09eff8182b;Bethany;1988-02-21;lobortis@Sed.com;false;true;true;false;false;true;true;10;false;false;2020-02-20;3
4ae092a7-41b1-45df-9d5c-879c45eeac68;Erica;1966-11-21;nec@ornarefacilisis.com;true;false;true;false;false;false;false;100;true;true;2021-05-16;1
4bdc0bfc-7951-42d8-b760-08fc64400e1b;Emi;2001-08-27;eu@semegetmassa.net;true;false;false;false;false;false;false;100;true;true;2021-05-19;2
4c2cf857-4e42-4f16-ac52-6dbb3bc60aca;Idola;1998-05-31;litora@egetmollislectus.net;true;true;true;true;false;true;true;100;true;true;2021-02-10;3
4c653f0c-2dcf-4b42-849d-8523e9fbf32c;Cecilia;1961-11-08;diam@leoVivamus.co.uk;true;true;true;false;true;false;false;100;true;true;2020-10-26;1
4cbc532d-f78a-422d-b127-f274dcc06b01;Emerald;1985-03-19;ultricies.adipiscing@Seddiam.com;true;true;false;true;false;false;true;100;true;true;2020-11-16;1
4d15351b-0498-410c-864a-a3db5b4f6a24;Macaulay;1988-10-22;laoreet.lectus.quis@turpis.co.uk;false;false;true;false;true;false;false;100;true;true;2020-06-19;3
4d39864a-8610-4f6b-aaed-c40ebad84ff3;Urielle;1969-02-06;convallis@euturpis.edu;true;false;false;false;false;true;false;100;false;false;2020-10-06;3
4d6e1c85-a8f2-4b55-9f2b-652943845945;Yoshi;1963-08-19;sagittis.semper@nibhlaciniaorci.com;true;true;true;false;true;true;false;100;false;false;2020-02-29;1
4dc50104-148a-4e01-8406-dd44d04ec623;Ursa;1995-04-30;elit@at.com;true;true;true;true;false;false;false;100;false;false;2020-08-20;2
4eaabed7-aca0-4b50-acc4-67a4da69bff6;Daphne;1988-02-08;Duis@esttemporbibendum.net;false;true;false;true;true;false;false;100;true;true;2021-03-08;1
4ee64b46-7fb8-4a16-85e7-0ae3660141b8;Ora;1962-02-15;eu.nulla@Morbisit.net;false;true;true;false;false;true;true;100;true;true;2021-01-20;1
4f6fdad7-1247-4e07-8021-81f904aa60e6;Emery;1973-02-13;malesuada.augue@nonnisiAenean.org;false;false;false;false;true;false;true;100;true;true;2020-10-07;3
4ff43de8-9182-4f5f-9a01-1da0b44160c1;Zoe;1982-12-01;enim@euismod.co.uk;false;true;true;false;false;false;false;100;true;true;2020-08-28;1
503da511-7f05-4d0e-acc1-23b1fc2738d7;Lenore;1982-08-15;ultrices.sit@dolorquam.net;false;false;false;false;true;true;true;0;false;false;2020-09-05;3
504b655b-0e2d-4759-a6dd-3bc5aa07764f;Louis;1963-12-11;ac.mattis@mollisDuissit.co.uk;true;true;true;false;true;false;true;100;true;true;2021-04-24;3
510c0615-82f8-400d-b28d-106e57fd4377;Orson;1989-11-26;sed.hendrerit.a@interdumenimnon.org;true;true;false;true;true;true;false;100;true;true;2021-04-28;3
51e01085-5ed5-48b2-90cd-4e723061efe4;Kathleen;1960-03-06;ipsum.non.arcu@dolorsit.com;true;true;true;true;false;false;true;100;true;true;2020-07-27;3
5231b881-3736-4d34-8b9e-a35ec3881786;Leonard;1965-05-13;nunc.sed.pede@lectussit.co.uk;true;true;false;false;true;false;true;100;true;true;2020-01-06;1
52cf2b47-a414-41ae-b73b-abf326099609;Aidan;1983-02-22;sapien.Nunc@aliquetmetusurna.net;true;false;true;false;false;false;false;100;true;true;2021-01-09;1
54161e8a-f690-4ea9-b36d-ed786ebb0a9b;Macaulay;1997-01-24;montes@nibh.co.uk;true;false;true;false;true;true;false;100;true;true;2020-06-06;3
542c5e9b-c664-4db4-9f6f-69d07181b3b8;Yen;1995-11-20;fames@ligulaAeneaneuismod.edu;true;true;true;false;true;false;false;100;true;true;2020-05-18;1
544a4fdd-3c6e-41e0-ab3f-a5b3e3725475;Mannix;1987-11-08;quis.accumsan@euismodestarcu.co.uk;true;false;false;false;false;true;false;100;true;true;2020-07-16;1
548dfac6-630a-47d7-b531-19fec085dee4;Oleg;1969-10-28;consequat.enim@Duis.edu;true;true;false;false;false;true;false;100;true;true;2020-06-16;2
55399374-a846-44ba-a4cd-da23e400b623;Curran;1986-07-11;Nullam.nisl@habitantmorbi.ca;false;true;true;true;true;false;true;100;true;true;2021-02-09;3
559b17ab-581e-4b0b-af39-00a0a1e2eebf;Declan;1980-08-22;Cras@ipsum.net;false;false;false;true;false;false;true;100;true;true;2020-07-09;1
5626d300-26e7-4981-997f-80262f28ec8d;Aladdin;1987-12-11;et.magnis.dis@nonnisiAenean.co.uk;true;true;false;false;false;false;false;100;true;true;2020-12-18;1
563d6239-d88c-4076-9414-2d44e4f13ddb;Simone;1992-04-27;Nam.consequat@Suspendissealiquetmolestie.org;true;true;true;true;false;true;true;100;true;true;2020-06-02;1
57c23d64-05b1-4a84-867c-797f00cdb4ed;Coby;1995-10-18;vel@penatibus.ca;false;true;false;false;false;false;false;40;false;false;2020-11-26;3
57d7031b-0ab7-4afc-8548-4c08501f9105;Teegan;1970-11-22;Morbi.sit.amet@tempordiam.org;true;true;true;false;true;false;false;100;false;false;2021-05-28;3
584c00ac-6976-43cf-a9b9-9fc9b7bf9f36;Aspen;1985-10-04;molestie.in.tempus@lorem.com;false;true;true;false;false;false;false;60;false;false;2020-08-13;2
58d55be6-49be-4217-aac6-64ab00119859;Caldwell;1962-07-17;vel.est@ullamcorper.co.uk;false;false;false;false;false;true;false;100;true;true;2021-01-06;3
59061b1e-3547-40f3-a617-20243f2b9624;Honorato;1990-11-28;adipiscing.non.luctus@fringilla.ca;false;true;false;false;false;false;false;50;false;false;2020-06-23;1
5a27f208-8f0d-4482-8bd2-79e6f1f3008b;Ryan;1976-10-17;erat.in.consectetuer@leo.org;true;false;false;false;true;false;true;100;true;true;2020-06-21;1
5b827e2b-ddc9-433e-bd88-2cc44280678f;Garrison;1996-08-17;tincidunt.nunc@scelerisque.com;true;true;false;false;false;false;true;100;true;true;2020-12-30;1
5c0cf58c-11ec-48e4-a531-d23441494949;Channing;1993-12-18;posuere.vulputate@id.com;true;false;false;false;false;false;true;100;false;false;2020-09-15;1
5c2a421e-e659-41ff-b42e-878f2968dfc5;Ruby;1974-02-17;feugiat.metus@Fusce.net;false;false;false;true;true;false;true;10;false;false;2020-10-02;3
5c47f4af-dcf4-4760-a330-56a50d775ac1;Keelie;1976-06-05;dolor.vitae.dolor@senectus.ca;true;true;true;false;true;true;true;100;true;true;2020-02-06;2
5c50ac2f-642b-4141-91f6-7edcbd67601d;Myles;1972-12-08;ante.blandit@dapibus.net;true;true;true;false;true;true;false;100;true;true;2020-08-13;3
5ca41d03-2738-4442-8a6a-590e1edccbfe;Renee;2001-08-26;morbi.tristique@velitinaliquet.edu;false;false;true;true;false;false;true;100;true;true;2021-04-12;1
5d762e34-aab4-4836-b1db-6a42703fd16e;Todd;1992-05-30;in@magna.edu;false;false;true;false;true;false;false;100;true;true;2020-01-08;1
5e639180-0a84-402f-8642-c030ff6e2a79;Jarrod;1989-01-27;pellentesque@dignissimpharetra.ca;false;false;false;false;true;true;true;100;true;true;2020-06-18;3
5f40aa0e-838f-4c51-8c07-7a3984ace989;Charlotte;1995-12-29;in.dolor.Fusce@Nuncmauriselit.edu;false;false;false;false;true;false;false;30;false;false;2020-12-12;3
5f882d58-1f7e-44db-9fbc-4040463dbe5b;Lamar;1977-01-12;ac.sem@quistristique.ca;true;false;false;false;true;true;false;100;false;false;2020-10-21;2
604c48af-4f4b-43ed-987d-599bbfd9a7ff;Todd;1983-09-18;eget.metus@et.ca;false;true;false;true;false;true;true;100;true;true;2020-07-09;1
6057106c-e8fd-47a5-8599-96bc5923c801;Gemma;1967-06-07;rutrum.magna@laoreetipsum.com;true;true;true;false;false;true;true;100;false;false;2020-01-28;3
60c7f4aa-a989-4666-bd02-a0b0a9592b29;Kevin;1972-04-21;ut.odio@semsempererat.edu;false;true;true;true;true;false;true;40;false;false;2020-05-18;1
60f8e46f-515f-460e-b13b-7fe71b27c23c;Briar;1961-06-09;magna.sed.dui@faucibusut.com;true;true;false;false;true;true;false;100;false;false;2020-05-27;3
6189a1e2-7b04-448f-8214-bb8a042844b8;Isabella;1963-12-08;vel.convallis@eratneque.net;false;true;true;false;false;false;false;100;true;true;2020-10-05;2
621051dc-82a6-4bae-9d27-d0a97e494174;Channing;2003-11-09;convallis@nisl.co.uk;true;false;true;false;true;false;false;100;false;false;2020-06-22;3
62581b42-4fb7-4aa3-8b88-ffd3636d9881;Chelsea;2002-12-07;elementum@arcueu.net;false;false;true;false;false;true;false;20;false;false;2020-09-27;2
63bffe73-354f-477e-b5fb-6c7f318a04f2;Lareina;1978-11-15;nascetur.ridiculus.mus@Fuscediam.ca;false;true;false;true;false;false;false;70;false;false;2020-11-30;1
6480f116-52d1-4a91-b345-b9d2b3f19add;Tatiana;2003-01-22;malesuada.fringilla@ataugue.edu;false;true;true;true;false;false;false;50;false;false;2020-10-07;2
64f46bec-6691-4cf2-8341-4cd0137a01e5;Caryn;1984-10-29;eros.Proin.ultrices@liberoat.ca;true;false;true;false;true;true;true;100;true;true;2020-02-03;1
6503c579-b456-4ac1-96fc-f7a703fe6b11;Alisa;1969-11-10;vel.pede@lectusquismassa.net;false;false;true;false;true;false;false;70;false;false;2020-10-12;1
659a9133-a8cb-4d56-bf65-b24ed70a1d31;Kiayada;1964-08-09;nec@Cumsociis.co.uk;false;true;false;true;true;true;false;100;true;true;2021-02-10;3
65d7dec8-48e4-4aee-871f-874608fde51a;Vladimir;1965-10-25;quam.vel.sapien@enim.net;false;true;false;true;true;false;false;100;true;true;2020-10-26;3
65fad5a9-e477-473c-a22c-e67c01edc032;Ann;1999-08-10;lorem.auctor.quis@antebibendum.co.uk;true;true;true;false;true;false;true;100;true;true;2020-07-19;1
662973a0-96cd-4a5f-80a2-316e863753cb;Shafira;1980-05-06;sed@augue.net;false;true;false;false;true;false;false;100;true;true;2020-08-02;1
66840793-785a-4163-aab0-5b8653fb4ee8;Rogan;1989-12-15;lacus.Cras.interdum@estMauris.com;false;false;false;true;true;false;false;50;false;false;2020-04-17;3
670ff12d-5f2a-4ebf-a934-077e9974486c;Ginger;1978-10-13;porttitor@fringillaest.edu;false;true;false;true;false;true;true;100;true;true;2020-01-29;1
67a31eba-639a-4a84-8f98-2c07e3aaa74d;Myles;1980-02-21;et.euismod.et@ultricesVivamus.ca;false;false;true;true;false;true;false;60;false;false;2020-11-15;1
67f95a5b-c003-400a-ad9d-8d119cb8d6ed;Imogene;1998-06-12;tincidunt.orci.quis@tellussem.org;true;false;true;true;true;true;true;100;true;true;2021-02-15;1
6812cdb5-bc87-4afb-adf2-5cf83eadb110;Lynn;1989-07-13;Cras.vehicula@Maecenas.ca;true;false;false;false;true;false;true;100;true;true;2021-04-03;1
683a7c74-e3d9-4f81-8ca0-d05c8c393979;Yuli;1977-01-14;non.quam.Pellentesque@laoreetlibero.net;false;false;true;false;false;false;false;100;true;true;2021-05-05;3
683df8ad-266c-4414-8009-f7bbc4ffda54;Kelsie;1998-06-28;a@tristiquepellentesque.org;true;false;false;false;true;false;false;100;true;true;2020-09-21;2
68418584-c021-4005-b653-daae56d5f670;Sage;2001-01-26;enim.commodo@Aeneaneget.org;false;false;false;true;false;false;true;0;false;false;2020-11-11;3
688db245-e6bc-43bc-8d80-19d2e2e4a29f;Vera;1984-10-31;elit.Nulla@adipiscing.org;false;false;true;false;true;true;false;100;true;true;2020-02-09;1
689ad6e7-99a9-440f-bdba-aa12ff868c3c;Herrod;1960-09-25;nec.enim.Nunc@egestasnunc.edu;false;false;false;false;true;true;true;0;false;false;2020-10-04;1
68c921fd-e604-4e9e-a1ae-ceb910222d2c;Nicholas;1971-08-22;non@enimmitempor.com;false;false;false;true;false;true;false;100;true;true;2020-10-09;2
68cac0a2-90e5-4bbd-8716-0d23a4b26d12;Angela;1978-07-13;a@Maurisut.net;true;true;false;false;false;false;false;100;true;true;2020-07-23;1
694e7980-44cf-44e4-985f-a5c66849f56f;Macon;1967-01-06;sodales@scelerisquedui.edu;true;false;true;false;false;false;false;100;false;false;2021-05-08;1
69b5f8b8-a697-46d9-861c-051fd34686dc;Declan;2001-06-11;Aliquam.rutrum.lorem@fringillapurusmauris.net;false;false;false;true;true;true;false;100;true;true;2021-03-17;2
69c1dd15-6e97-4e4c-90a8-e294afc179f1;Nevada;1986-04-17;ac.arcu@auctorquistristique.edu;true;true;true;true;true;true;false;100;true;true;2020-07-12;3
69f7bacd-68d9-4e28-9174-a58aa6a8b892;Xander;1983-08-25;ac.ipsum@tincidunt.com;true;false;true;true;false;false;false;100;true;true;2020-12-18;2
6a753a31-5640-4317-8095-b7824a8172f1;Rashad;1971-09-02;tincidunt@non.net;true;true;false;true;true;true;false;100;true;true;2021-01-10;3
6a9ad2d2-8a6a-47ea-a477-66fcc3b474d0;Brady;1967-10-20;eleifend@urnaVivamus.edu;true;false;true;false;false;true;true;100;false;false;2020-10-01;3
6b170258-f965-4f49-a4f5-e74a9451857d;Chaim;1966-02-25;faucibus.leo.in@parturientmontesnascetur.ca;true;false;false;false;true;false;true;100;true;true;2021-04-04;1
6c0c03e3-e31a-47cb-a188-76b6e70c1498;Callie;1962-05-17;ut.lacus@sapiencursusin.edu;true;false;true;false;false;true;false;100;false;false;2021-01-04;3
6c63d4ee-f7d6-46df-9e76-778387be23bc;Lacota;1982-06-17;massa.Mauris@Etiambibendum.org;true;true;false;true;false;true;true;100;true;true;2021-01-02;1
6c6d6cd9-49c3-45e5-b241-8e5937c820bf;Sierra;1988-07-08;purus.Nullam@ipsumprimisin.org;false;true;false;false;false;true;true;100;true;true;2020-02-01;3
6cc2c8fa-1653-4036-b737-78eb82673766;Wesley;1990-09-05;porttitor@acfeugiat.co.uk;true;true;false;false;false;true;false;100;true;true;2020-06-03;2
6cdca1e4-a3c8-463e-adf4-97c6f682c0fe;Kylynn;1970-02-18;non.nisi@tinciduntvehicularisus.co.uk;true;true;false;true;false;false;false;100;false;false;2020-09-07;1
6d88ca7b-f45d-4f8e-8992-449549fc2f40;Xerxes;2003-07-07;ridiculus.mus.Aenean@est.com;true;true;true;false;true;true;false;100;false;false;2020-06-22;1
6e13aee9-fafc-449e-be96-24f4289b6fbe;Griffith;1989-01-23;vestibulum@felisegetvarius.ca;false;false;false;false;true;true;false;40;false;false;2021-01-11;1
711fd9de-ab93-4212-a280-da1ce064d9a2;Giacomo;1980-05-04;lacinia.Sed@est.org;true;false;false;true;true;false;true;100;false;false;2021-02-25;1
717173a7-9700-427d-9359-20e1bf8d8eb1;Myra;2003-10-24;dui@purusNullamscelerisque.com;false;true;true;true;false;true;false;50;false;false;2020-05-09;2
71891b7a-dc88-4881-af71-3a74a4356a3b;Octavius;1985-11-23;ligula.Aliquam.erat@acmetus.ca;true;true;true;true;false;false;true;100;false;false;2021-01-27;1
71c74eab-2bc1-4341-adca-8ad3bbf4c61e;Nevada;1986-12-25;natoque.penatibus.et@eueleifendnec.com;true;false;true;true;false;true;true;100;false;false;2020-05-27;2
71dfb6f5-fce4-45cc-8074-9c32d45456df;Jayme;1990-02-11;Nullam@utdolordapibus.com;false;true;true;false;false;false;true;100;true;true;2020-04-16;2
72858e92-0a7b-41f0-a243-aa4c0e3aa1cd;Hakeem;1998-04-15;cubilia.Curae@nibh.org;true;true;true;false;true;true;true;100;false;false;2020-11-04;3
72d3be7c-1b39-49a8-b5ed-69e6c459d4e7;Alan;1961-01-16;nulla@eu.org;false;false;false;true;true;false;false;20;false;false;2020-09-02;1
735b4b99-7ea9-458f-8049-7dd3719876f7;Naida;1977-11-16;at.velit@natoquepenatibuset.edu;true;true;true;true;false;false;true;100;false;false;2020-12-29;2
746fc857-edb0-456d-9480-fd9541bb8f70;Sonya;1998-06-07;tristique.pellentesque@habitant.edu;true;true;true;false;true;false;false;100;true;true;2021-02-27;1
749c6318-e618-4c4a-b7ba-8c84a6b0345f;Philip;1989-06-04;mollis.Duis@placerataugueSed.edu;true;true;false;true;false;false;true;100;false;false;2020-02-11;1
74b152c4-0862-484f-80a0-693d8ba982e7;Jamal;1965-07-05;Pellentesque.tincidunt.tempus@augueSed.org;true;false;false;false;false;true;false;100;true;true;2020-01-10;3
75060984-ca0b-4cd1-b0b4-4707da6dbb71;Ursula;1992-07-24;augue.porttitor@variuseteuismod.net;true;true;false;false;true;true;true;100;false;false;2021-03-20;2
76781f4d-d330-497f-bb18-4134a2a2c001;Alea;2000-06-05;interdum.enim.non@augue.co.uk;true;true;true;true;true;true;false;100;true;true;2021-05-04;2
7713760e-7c1a-44aa-bdea-a7fc09620709;Grant;1979-01-25;eget.varius.ultrices@Pellentesquehabitantmorbi.org;true;false;false;false;true;true;true;100;true;true;2021-01-18;1
7713f373-53e0-4588-81b3-d95ad5e45b0c;Omar;1975-01-24;Aliquam.fringilla@euismodin.com;true;false;false;false;false;false;true;100;true;true;2020-04-26;1
775872c7-557e-49aa-a0fe-f75e2e94e452;Brian;1999-05-11;at@temporbibendum.co.uk;false;false;false;true;true;false;true;100;true;true;2021-04-06;1
77fe7b49-e412-44b3-9b0c-e8a9d84880a6;Destiny;1971-02-27;urna@nonhendrerit.com;false;false;false;true;false;true;false;100;true;true;2020-03-12;1
78517863-ba6a-48dd-8732-f3954fa94136;Shelley;1998-05-26;at.pede.Cras@Proin.org;true;false;false;false;true;true;false;100;false;false;2021-02-13;1
7a06c52d-a9cb-4e81-a475-cceb8d7b464b;Caesar;1993-07-22;Etiam.imperdiet@odioAliquam.org;true;true;false;false;false;true;false;100;true;true;2020-10-23;1
7a0ae2ce-8e48-49ad-9ae8-59dbcecf4dd0;Zorita;1998-06-27;eu.eleifend.nec@lacinia.edu;true;false;true;false;false;false;true;100;false;false;2021-03-10;1
7adcab78-1c01-4487-9e5b-2761eaf4d6cc;Sawyer;1987-11-09;nec@aauctor.com;true;false;false;true;false;false;false;100;false;false;2021-02-13;1
7c0af72d-7048-404d-93f6-5b2c71edcf40;Aimee;1982-07-19;a@egestasa.com;true;true;true;false;true;true;false;100;true;true;2020-03-29;3
7c5f0f78-a6b2-49ff-a73a-b7ea7fde1506;Ishmael;1975-01-14;Nulla.aliquet.Proin@nisidictum.org;false;true;false;false;true;false;true;20;false;false;2020-01-18;1
7c8d4162-f623-4929-8143-51af2e8c6fa7;Garrison;1984-11-15;vel@egestasascelerisque.org;false;false;false;true;true;false;false;50;false;false;2020-07-29;3
7d41565c-b526-4a71-ae67-9446ae3d7d66;Sopoline;1977-09-03;Phasellus.dolor@magnaUt.co.uk;false;false;true;true;false;false;true;10;false;false;2020-06-27;2
7dc6aa7d-1d11-40b1-b085-c61364b6a849;Abbot;1964-08-26;semper@Etiam.com;false;false;true;true;false;false;false;100;true;true;2020-10-28;1
7decb9f9-afd5-49f0-8fa8-632dfccbe83e;Orlando;1980-08-20;lorem.lorem@sodalespurus.com;true;false;false;false;true;true;true;100;true;true;2021-02-18;2
7e1119e1-d31d-4e11-85a6-e8569a316c8d;Lydia;1961-02-28;metus.vitae@nonluctussit.edu;true;true;true;false;true;true;false;100;false;false;2020-02-01;3
7e20aa1e-2d87-493b-8505-c7eed3211c93;Nicholas;1997-09-23;nibh@montesnascetur.net;false;false;true;false;true;true;true;100;true;true;2020-11-03;2
8015ad16-fd0e-432b-97a6-e9d35479616c;Libby;1998-12-31;vel.sapien.imperdiet@utpharetrased.co.uk;false;true;false;false;false;false;false;40;false;false;2020-04-04;3
80a7f059-7ddf-4930-9d7e-5dac02d9f960;Leah;1975-02-10;tellus.lorem.eu@disparturient.edu;true;false;false;false;false;false;true;100;true;true;2020-12-13;3
80bfc153-c230-4b29-bb43-d0d4c33ea1b2;Echo;1973-08-13;taciti.sociosqu.ad@faucibus.ca;true;false;false;false;true;false;true;100;true;true;2020-03-07;2
80e605c5-4fce-4f79-90a9-b4d5a29e92b4;Oren;1998-10-28;Phasellus@velit.net;false;true;true;true;false;true;true;100;true;true;2021-01-06;2
81df6ad7-a0da-43fd-a3eb-ab4c88e82ec1;Melvin;1993-08-05;Mauris.quis.turpis@Suspendissecommodotincidunt.ca;false;false;true;true;false;true;false;40;false;false;2020-10-05;3
82be0729-3bf1-40e0-980d-f3bf3275363a;Matthew;1979-07-28;auctor.ullamcorper.nisl@aliquetPhasellus.ca;true;false;false;true;false;true;false;100;true;true;2020-11-04;2
82c9f271-9a2d-4e5b-b2b4-87a1e2dd8607;Jin;2000-06-23;ut.mi@et.edu;false;false;false;true;true;false;false;100;true;true;2020-02-26;1
83591888-a2a4-418d-92e1-59c31c7c5b39;Otto;1970-09-02;Nam.ligula@MaurismagnaDuis.com;false;false;true;true;false;true;true;100;true;true;2021-05-24;3
8361459b-1c16-49ea-a8c2-816469a31790;Phoebe;1967-09-13;vel@porta.co.uk;true;false;true;false;false;true;true;100;false;false;2020-04-10;3
837c5b28-30d7-4cdc-ad85-438df57980de;Callum;1962-10-28;mauris.eu.elit@enimCurabitur.edu;false;false;false;false;false;true;false;100;true;true;2021-01-15;3
83a9bc61-e166-465a-84d5-8653f6048880;Ava;1985-09-04;dolor.Quisque.tincidunt@penatibuset.ca;false;false;false;true;true;false;false;100;true;true;2021-04-19;1
841e3f06-5006-4d00-83f0-c0d3530eda8c;Fuller;1983-06-17;dis.parturient@Donec.com;false;true;false;false;true;false;true;100;true;true;2021-05-28;3
844f3cee-764a-4438-bd0d-ba016d4a3be0;Steven;1994-01-18;nunc@Nuncmauris.org;true;true;false;true;false;false;false;100;false;false;2020-04-15;3
846adcac-1599-4709-9035-c47d5538c877;Wallace;1979-10-12;lectus.a.sollicitudin@felis.ca;false;true;true;false;false;false;false;70;false;false;2020-12-25;1
85993a67-7bbe-44a2-9854-4131a746700a;Nora;1960-01-06;Maecenas.iaculis@variuset.net;true;true;false;false;true;true;false;100;false;false;2020-01-07;2
8634b97e-566c-48af-bb36-1f68e5c8afa2;Kane;1988-01-16;condimentum.eget.volutpat@atfringilla.co.uk;false;false;true;false;true;true;true;100;true;true;2020-09-04;3
863e2589-0e09-4ff0-843d-de0c6b7ea49e;Shana;1995-01-27;Sed.eu.eros@penatibusetmagnis.com;false;true;true;true;false;true;false;60;false;false;2020-01-17;1
87129aba-ac20-405e-ad24-ce57e6cd2635;Stacy;1995-07-11;sed.orci@semper.net;false;false;true;false;false;true;false;100;true;true;2020-08-31;1
87673dc2-0f3b-4ca2-b61d-6dd985e86f35;Orson;1960-08-15;risus@ornare.co.uk;false;false;true;true;false;true;false;20;false;false;2020-02-28;1
87be6ffb-60cb-4adc-b603-c3d7b304115a;Catherine;2000-04-10;tincidunt@nisiMauris.net;false;true;false;true;false;false;false;50;false;false;2021-03-25;1
87dce0c7-d6a7-40c3-ad06-4994ea169099;Sylvia;1991-04-05;eu.neque@arcueu.com;true;true;false;true;false;true;false;100;true;true;2020-03-24;3
87e337c7-facf-404f-a395-b3532cb86b8b;Byron;1973-11-15;vehicula@venenatisamagna.com;false;false;false;true;true;true;true;10;false;false;2020-10-30;1
885247cc-79ab-4e1f-bfe3-276a71a21e2f;Rhonda;1975-11-29;et@semperrutrum.edu;true;true;true;false;false;true;false;100;false;false;2020-11-18;2
88f70210-3a0c-4a93-b797-1e8cd57fdaaf;Honorato;1964-05-26;erat@Nullaeget.co.uk;true;false;true;true;false;false;true;100;false;false;2021-01-30;2
892844cb-d5a7-4831-a989-23c29d9dc030;Cairo;1996-06-13;ornare@sagittisNullamvitae.edu;true;false;true;true;false;false;true;100;true;true;2021-04-12;1
89704f1f-2bd0-40c1-98fd-b35725c270ee;Steel;1979-09-07;commodo.hendrerit.Donec@Integeraliquam.edu;false;true;true;true;false;false;true;30;false;false;2021-05-26;3
89baf1f4-e335-4cc2-8d75-546d7b0cb4cd;Cameron;1992-06-10;euismod.et.commodo@tellus.ca;false;false;false;true;false;true;false;100;true;true;2020-12-05;2
89fea654-ec13-42b6-84dc-3cd28716e8e5;Cynthia;1970-07-05;tortor.at@ipsumprimisin.edu;true;false;true;false;true;false;false;100;false;false;2020-10-02;2
8acb49dd-78a0-4fbe-818d-cbd6391266d2;Micah;1961-03-08;Mauris@estacfacilisis.net;false;true;true;true;true;false;true;0;false;false;2021-04-02;3
8beb8703-fbc8-4e9e-960d-a9498fb2097a;India;1996-11-24;blandit.enim.consequat@lobortisnisinibh.net;false;false;false;false;true;false;true;100;true;true;2020-06-30;1
8c4ff44c-5185-4cfc-a9a7-ea112c4df02f;Ronan;1971-09-09;nec.euismod@eget.org;true;false;false;true;true;false;true;100;true;true;2020-02-27;1
8d145363-7d98-4229-aa6a-08ad3c60c34e;Garrison;1989-11-04;risus@Phasellusfermentumconvallis.co.uk;false;false;true;false;true;false;true;0;false;false;2020-05-26;1
8d53748b-77a5-424a-9055-45bdc30512a3;Hillary;1987-08-11;ac.nulla.In@Aliquamvulputateullamcorper.co.uk;true;true;true;true;false;false;false;100;false;false;2021-05-05;2
8d64dd36-0cc8-4075-b534-6a233bb40b75;Kelly;2001-01-03;non.enim@consectetueradipiscingelit.co.uk;true;false;false;false;true;false;false;100;false;false;2020-04-23;2
8db43e9d-8557-4cbe-a15f-f9cc288cd399;Forrest;1978-03-23;arcu.Vestibulum.ante@DonecnibhQuisque.ca;true;false;false;false;false;true;true;100;true;true;2021-04-05;3
8e55e46c-202b-48db-9928-72009a154e0f;Emery;1967-12-04;Nulla@dictumPhasellus.ca;true;true;false;true;true;true;true;100;false;false;2020-02-08;2
8e7a7aaa-a9e4-4d18-b453-052a91675814;Graiden;1968-03-01;porta.elit@ante.com;false;false;false;false;true;false;false;60;false;false;2021-05-12;2
8eb53d85-d11f-42fd-b77d-fb0b182b980e;Tiger;1990-07-05;Integer.sem@rutrumjustoPraesent.org;false;true;false;true;false;true;true;100;true;true;2020-09-03;3
8eda2f13-2685-4ee7-b091-99c9c1736e15;Oprah;1967-09-06;auctor.ullamcorper.nisl@nec.org;true;true;false;false;true;true;false;100;false;false;2021-05-20;2
8f36d1b1-e038-4a3b-8b10-9c6fd668b8f7;Ciara;1977-05-18;consectetuer.adipiscing.elit@miacmattis.com;true;true;true;false;true;true;true;100;false;false;2020-11-02;1
8fdc0530-9c3f-4f59-9943-2dcf85cd942b;Amal;1984-08-01;tincidunt.aliquam.arcu@elementumpurusaccumsan.com;true;true;false;true;true;false;true;100;true;true;2020-09-03;2
90863910-80ed-4fc5-8cd4-571e69511ddf;Yoko;1982-06-20;Suspendisse@convallisconvallis.co.uk;false;true;true;false;true;false;false;100;true;true;2021-05-15;3
90c0e372-deca-4a3d-af7e-02fc1623f3d8;Walter;1974-03-17;quis.turpis.vitae@malesuada.co.uk;true;true;false;false;true;false;false;100;false;false;2021-03-06;2
90c5dcb7-69e6-4ae9-8e6b-b497546f29ad;Lance;1969-07-09;Donec.tempus.lorem@vehiculaaliquet.co.uk;false;true;true;true;false;true;false;100;true;true;2020-03-28;2
90da0b83-ebeb-4660-9fc1-e8db64afd29b;Shellie;1987-06-10;a@fames.org;false;true;false;false;false;false;true;100;true;true;2020-11-28;2
91306519-3c4c-4fa3-9c2a-1e07df1c00a0;Upton;1979-06-17;magna@diamSeddiam.net;false;false;true;false;false;false;false;50;false;false;2020-08-19;3
921b69c4-b561-4b1c-b544-c330aa1b48cd;Noel;1993-05-15;est.ac@euismod.net;false;true;true;false;true;true;false;60;false;false;2021-02-09;3
92423b15-7676-4d0c-9598-18d926784c6d;Zia;1990-06-07;Donec.nibh.enim@Crasdictumultricies.net;true;false;false;true;false;true;true;100;false;false;2020-01-07;3
92a74e89-0359-49fb-8f8b-475e28ec3f44;Rina;1993-08-26;in.molestie@congue.com;true;false;false;false;true;false;false;100;false;false;2020-01-07;3
935ffe7e-7d65-48c6-bc18-dc7ba72af4f8;Claire;1989-01-04;adipiscing.Mauris@felis.edu;false;false;false;true;false;true;true;0;false;false;2020-02-08;3
93b5f51c-126e-4a4a-bf91-3abd5b7451e7;Nolan;1989-03-17;ornare@velit.co.uk;false;true;true;true;true;false;false;80;false;false;2020-11-21;2
93de3bf1-8d40-47ff-bb16-67039c20114e;Todd;2001-11-06;aliquet.lobortis@vitae.ca;true;true;false;true;true;true;false;100;false;false;2020-08-08;1
9466c65b-80dd-460a-8a70-23641133f383;Hillary;1983-05-14;sodales.elit@nascetur.ca;true;true;true;false;true;false;false;100;false;false;2020-09-10;3
94fd2138-9e5b-451e-bd4a-72432c76d707;Castor;1989-09-12;Morbi.non@Maurisquisturpis.ca;false;false;true;false;false;true;true;0;false;false;2020-09-11;2
950fbb3d-6b0c-4024-9afa-e98f7e38e837;Elvis;1961-05-24;amet@Aliquamadipiscinglobortis.net;true;true;false;false;false;true;false;100;false;false;2020-09-12;2
9562a3a2-2734-4b4f-9008-b31f28427374;Dieter;1997-07-30;Pellentesque.ut.ipsum@orci.edu;false;true;false;false;true;true;false;100;true;true;2020-12-23;3
96273162-2b83-473a-b87f-53677951d3f6;Tatyana;1983-10-24;at.velit.Cras@infaucibusorci.net;false;false;true;true;true;true;false;100;true;true;2020-12-13;3
964dd13f-6cde-49c3-bde7-4fcb91cf680f;Sonia;1979-07-12;cursus@orci.co.uk;false;true;false;true;false;false;false;70;false;false;2020-08-13;3
966e595a-1089-44bc-8cdb-83088f975283;Andrew;1972-08-10;nec@quismassaMauris.net;true;false;true;false;true;false;false;100;false;false;2020-08-13;2
96ccac75-8816-4531-aa82-0454fd192609;Ria;2002-03-24;dui.nec@Morbinequetellus.net;false;false;true;false;true;true;true;100;true;true;2020-04-03;1
96e9115c-5eff-40a7-bc1f-c9a4e271802f;Xaviera;1975-11-11;mauris.erat.eget@Pellentesquetincidunt.org;false;true;false;true;false;true;false;70;false;false;2020-08-14;1
979f6adc-9675-491c-b732-9c4ffe1d03f4;Honorato;1991-04-26;quis.lectus.Nullam@ullamcorpernislarcu.co.uk;false;false;false;true;true;false;true;0;false;false;2021-02-06;2
97bdd649-f49a-4fa2-bae9-d3c8a94e4115;Thor;1981-08-22;mi.Aliquam.gravida@inconsectetuer.com;false;true;false;true;true;false;true;20;false;false;2020-06-11;1
97c7fa4c-d0c4-484b-a96f-fda318311c37;Scarlet;1992-12-27;Sed@maurisidsapien.org;false;false;false;false;false;true;true;0;false;false;2020-06-30;2
97e3ff10-e4e1-4a32-9b73-28156cf0066b;Rebekah;1974-01-10;gravida.molestie.arcu@velnislQuisque.net;true;false;false;false;false;true;true;100;true;true;2021-03-18;3
981874fe-86b5-48df-9d3c-29a7f53756b2;Chaim;1986-11-12;facilisi@NullafacilisiSed.net;false;false;true;true;false;false;true;100;true;true;2020-09-01;1
987f6c76-601b-4a46-9fec-75639dbef74f;Coby;1981-01-12;Proin.sed@vitae.ca;false;true;false;true;true;false;false;80;false;false;2020-04-15;1
98cbd724-b386-42f9-a7e1-baa132666f15;Desirae;1984-03-09;ipsum.Suspendisse@felisorci.org;false;true;true;true;true;false;false;80;false;false;2020-01-15;1
99d507c7-f395-474a-b196-142a9521ea95;Gareth;1991-04-20;id@dictumplacerataugue.org;true;true;true;false;true;false;true;100;false;false;2021-01-27;1
99d75ea0-f630-42f1-9629-151d7667fda8;Caldwell;1981-08-06;Phasellus.dapibus@necdiam.edu;false;false;true;true;true;true;false;100;true;true;2021-04-09;3
99f9cceb-fb67-425a-a870-88dea7fd25a4;Hasad;1967-05-10;Curabitur@lectus.net;true;true;true;false;false;true;false;100;true;true;2020-06-20;1
9a17c9b5-f9e8-4f85-86e9-6d76bc6165f3;Abra;1963-03-21;et.ultrices@fermentum.co.uk;true;false;true;true;true;true;false;100;true;true;2020-04-12;3
9b0417bd-6824-46c0-b419-8f2b38e8da80;Quemby;1967-03-06;felis.Donec@amalesuadaid.edu;true;true;false;false;false;false;true;100;false;false;2020-11-06;3
9c06f426-d76b-4d6d-9c1b-9a25ae3552cd;Levi;1994-05-16;mollis.vitae@euultrices.co.uk;true;false;false;true;true;true;false;100;false;false;2020-12-01;2
9c4138dd-00a9-4fa6-9771-108aa00e2fb0;Fitzgerald;1969-06-29;a.odio.semper@laciniaatiaculis.co.uk;true;true;false;true;false;false;true;100;false;false;2020-08-09;2
9c798047-d518-4739-9e9a-c9954ee9b655;Silas;1980-02-04;In@euarcuMorbi.org;true;false;false;true;true;true;false;100;true;true;2020-11-02;3
9dbf01fd-8e9e-4192-9e91-f983abaf0b0a;Felix;2001-01-09;convallis@Donectempor.ca;false;true;true;true;true;true;true;20;false;false;2021-03-11;2
9dda47e1-5b9b-46d6-8f02-82accab46656;Adena;1965-10-13;quis@a.net;true;false;false;true;true;false;true;100;true;true;2021-04-06;1
9e0f190c-1f93-4b4c-8471-359e116332ed;Brett;1968-08-03;leo.Morbi@necenim.com;false;true;true;false;true;false;false;90;false;false;2020-02-14;2
9e22e363-e5b9-458a-9314-39affb00e1f6;Melinda;1982-07-27;mattis@lobortisrisus.edu;true;false;false;true;false;false;true;100;true;true;2021-04-17;1
9e7e041c-ff83-4de0-adc8-95b4ca8f832f;Amelia;1975-01-20;id.libero@Fuscedolor.org;true;true;false;true;false;false;true;100;false;false;2020-08-18;3
9e85ad4d-f5e1-4de9-8e49-a0fc9455c097;Chava;1971-09-17;ante.Maecenas.mi@dictumsapien.org;true;false;false;true;true;false;false;100;false;false;2020-12-15;2
9f1c86af-039e-448b-9882-fd3ef6e9dea7;Knox;1991-09-07;arcu.Nunc@arcuimperdietullamcorper.ca;false;false;true;false;false;false;false;30;false;false;2020-03-02;3
9f3a5996-ff9c-4e40-a75c-1a40480b4674;Xaviera;1981-12-30;tellus.Suspendisse.sed@atlibero.co.uk;false;true;false;false;false;false;true;100;true;true;2020-08-27;3
9f3f572d-2a28-4fb5-b18d-e8a2c9184c81;Brielle;1964-03-31;Aenean@nonenim.co.uk;true;false;false;false;false;false;true;100;true;true;2020-07-08;1
9fead91d-19d7-4448-ac7a-d2b57f8e5cf1;Daquan;1983-07-08;tempor.arcu.Vestibulum@egestasDuisac.com;false;false;false;true;false;false;false;100;true;true;2021-03-28;1
9fec9c28-8430-4787-b3d3-cb8143fa57a0;Murphy;1993-02-04;orci.Phasellus@Sedetlibero.com;true;false;true;true;true;false;false;100;true;true;2020-06-29;2
a02db995-7286-45dd-b2f1-280ec5cc23be;Amanda;1989-10-26;nec.ligula.consectetuer@pellentesque.edu;true;false;false;false;true;true;true;100;true;true;2020-02-18;3
a075d1eb-a27c-4a50-b4ec-bcca13f6917c;Lana;1986-08-26;blandit.Nam@magnaet.edu;true;true;false;false;true;false;true;100;true;true;2020-01-25;3
a0fa66cf-0250-4e0c-980c-a170567222cb;Timon;1997-03-31;ante.iaculis.nec@mollisneccursus.net;false;false;true;false;false;false;true;0;false;false;2020-07-10;3
a17245a9-fa5d-4cca-911c-bc12ecd544b5;Malachi;1961-11-21;turpis.egestas.Aliquam@anteVivamusnon.com;false;false;false;true;false;true;false;60;false;false;2020-12-18;3
a190980a-4c03-4a75-8275-16b84eface6e;Rahim;1999-10-07;nisl@orciluctuset.net;true;true;true;true;false;true;false;100;true;true;2020-12-14;1
a1ba5ac7-a1b0-49d1-844c-a1dd4763995e;Ariana;1968-11-27;in@lorem.com;true;true;false;false;false;false;false;100;false;false;2020-11-28;3
a1c23567-5230-4df1-932d-7ac22632edee;Connor;1992-10-19;laoreet@Maecenasmalesuadafringilla.net;false;true;true;true;false;false;true;10;false;false;2020-11-12;2
a1c2c299-676e-4c22-83e1-f12c0df204da;Gavin;1981-12-28;enim.Etiam@mollisIntegertincidunt.org;true;false;false;false;true;true;false;100;true;true;2020-11-28;1
a2168ef2-e951-4a72-a41a-5e96a856993e;Olivia;1964-04-13;dolor.nonummy@perconubia.org;true;true;false;false;true;true;false;100;true;true;2020-06-09;2
a298aa2e-44cb-41ff-b822-174b41ace1db;Melissa;1982-02-09;id.nunc.interdum@eget.net;false;true;false;false;true;false;false;100;true;true;2021-02-04;1
a34fb7ee-a0b9-4780-aa83-8c4960fa6202;Ferris;1997-10-29;lectus@Cras.org;false;false;true;true;true;false;true;0;false;false;2020-12-28;1
a374224a-26bb-4462-be14-e41ca2788944;Gray;1969-07-14;consectetuer@suscipitnonummy.co.uk;false;false;false;true;false;false;true;100;true;true;2020-05-22;3
a3c9c5f0-7caa-4b0d-8eb4-abbc6d7a948d;Hiram;1984-03-22;Cum.sociis@magna.net;true;false;false;false;false;true;true;100;true;true;2021-03-11;1
a3ccb2fa-b14e-4238-a450-f4f75f7f83fe;Hedy;1978-08-30;vel@nec.net;false;false;false;false;false;false;true;100;true;true;2021-03-10;2
a40c73bd-362d-45ee-9802-22d8ca742ba7;Imelda;1976-05-18;Proin.non@acmattissemper.org;true;false;false;true;true;false;true;100;false;false;2020-06-20;3
a4672a4f-8262-489f-ad01-bc10c6641d79;Fiona;1998-10-17;sit@massanonante.com;false;false;true;true;true;false;true;0;false;false;2020-02-23;2
a4891578-8542-49d2-a3b9-b9ac5739182d;Griffin;1969-10-07;penatibus@atauctor.edu;false;false;true;true;true;true;false;80;false;false;2021-04-16;2
a4c280c8-66fe-4521-a308-42fa51a74ef0;Sara;1973-05-21;Vivamus.nibh@Uttincidunt.com;true;false;true;false;true;false;true;100;false;false;2020-08-09;1
a4cad472-ebae-4c59-ba66-76820e158148;Sade;1966-10-19;enim@vitaediamProin.ca;true;false;true;false;false;false;true;100;true;true;2021-05-21;1
a4d73d26-99bf-4428-a857-962de044ae00;Dacey;1969-01-21;fermentum@convallisligula.edu;false;false;false;false;false;false;false;50;false;false;2020-12-21;3
a64a126d-bb7b-4cdc-8300-04445b1aad9d;Brandon;1987-08-18;tellus@indolorFusce.co.uk;false;false;false;false;false;false;true;0;false;false;2020-04-01;2
a69a9b54-9b5e-41f0-a5cd-354ac00638a7;Ali;1970-11-23;arcu.Curabitur@mollisvitaeposuere.edu;true;true;true;false;true;true;true;100;true;true;2021-01-29;2
a6a50d55-ce74-44bb-99ef-541f2ba0ad96;Latifah;1981-03-08;dui@Sedidrisus.com;true;false;false;false;true;true;false;100;true;true;2021-04-25;2
a6ac69a1-a2be-4cf2-84a5-91f53584e76b;Haviva;1978-04-09;elementum.sem@sapienNuncpulvinar.edu;true;false;true;true;true;true;false;100;true;true;2021-05-24;3
a6f05326-89e5-4a53-87cf-47b226766ee0;Gloria;1998-05-30;penatibus.et.magnis@ad.edu;true;true;true;true;false;false;true;100;true;true;2020-01-19;1
a766c65d-f9ed-4986-91f6-47ea093fcf51;Sybill;1977-11-02;sollicitudin.commodo@Aliquamgravida.co.uk;false;false;false;true;true;false;true;100;true;true;2020-04-13;2
a7688662-bcc1-44f9-81c6-dffc51f36404;Kimberly;1969-01-15;nulla.vulputate.dui@ut.com;true;false;true;false;false;true;true;100;true;true;2020-06-26;3
a8fdec3f-5a11-4f4b-93fb-4444849d64a2;Lydia;1986-08-19;risus.Donec.nibh@commodoipsum.com;true;true;false;false;false;false;true;100;false;false;2020-09-16;3
a9041233-1378-46b8-978c-94ce79e47941;Alice;1979-11-30;augue@placerataugue.com;true;false;false;true;false;true;true;100;false;false;2021-03-08;3
a90ace4d-a96d-474b-9985-9ceb5656e6fc;Shaine;1992-09-30;egestas@sem.com;false;true;true;true;false;false;false;60;false;false;2020-08-07;3
a925bd96-597e-4551-bc03-6c047e3f6c85;Neil;1984-11-27;sed.dolor@nislNulla.com;true;true;true;false;true;true;true;100;false;false;2021-04-03;3
a94c8e6e-b490-4393-88e3-74ec018243de;Nyssa;1986-02-10;dui.Fusce@aliquam.co.uk;true;false;true;true;true;false;true;100;false;false;2020-01-19;2
a9b263f2-765e-47ec-9b50-56db7ce1b919;Blair;1964-05-11;eleifend@ornare.ca;true;false;false;true;false;true;true;100;true;true;2020-09-10;3
aab140d7-6820-4087-a1b3-fbe02e6c13fc;Chava;1992-09-12;Duis.a@Phasellus.com;true;false;true;false;false;false;false;100;true;true;2020-08-27;1
ab3cb66d-81c5-41d7-aa46-19c1222f53bb;Jacqueline;1986-06-20;tellus@velmauris.com;true;true;true;false;true;false;false;100;true;true;2021-02-10;1
abc6e4b9-87e9-4f9b-8a1b-5d2a38b68489;Bertha;1979-02-27;magna.Nam@id.org;false;false;true;true;false;true;true;100;true;true;2020-11-15;1
ad5412bd-21d1-4772-ac58-a1e6b9ec7055;Grant;1973-03-12;per@magnatellus.org;false;true;true;true;false;false;false;100;true;true;2021-03-30;3
adb233ec-456b-4084-b684-e4541e1149e9;Uriel;1987-04-28;ante@Proinvel.com;false;true;true;false;true;false;false;100;true;true;2020-06-26;2
adc77c5e-e8cf-4b00-906b-aa0c09e48f6d;Seth;1967-11-30;fringilla.Donec.feugiat@necurnaet.com;true;true;false;true;false;true;true;100;true;true;2020-09-04;1
ae745788-db28-4abb-a5de-e5a04bb7f75d;Eve;1962-07-22;risus.Nunc@pellentesque.ca;false;false;false;false;true;true;true;10;false;false;2021-04-20;3
afd6abd9-c245-4992-8bff-2d1ddf8301f0;Craig;1980-06-25;lectus@posuereenim.ca;true;true;true;true;true;false;true;100;false;false;2020-02-14;2
b0830664-6919-457b-aad2-1c5b2dd34e67;Claudia;2000-11-13;ante.bibendum.ullamcorper@temporlorem.com;false;true;false;true;true;false;true;100;true;true;2020-04-20;1
b09519f1-e01a-4e7b-9cf9-16dc14ea108f;Chandler;1965-11-17;cursus.Integer@pretiumneque.co.uk;false;false;true;true;false;true;true;100;true;true;2021-04-14;1
b0acb7d7-dc6e-443e-8303-b3443d031194;Colin;1974-06-11;lorem.lorem@Aliquamfringilla.co.uk;true;true;false;false;false;false;true;100;false;false;2020-12-15;2
b0cd7738-4354-473e-b370-02249ee923c3;Duncan;1993-11-24;dapibus.ligula@Inatpede.com;false;true;false;false;true;true;true;0;false;false;2020-04-10;1
b0da1258-b2a0-4f12-83aa-505661732518;Drake;1996-04-07;mus@enim.net;false;true;false;false;false;true;false;40;false;false;2020-11-12;3
b10a1ea5-3608-4ffb-9aa5-a3f3de36ff6f;Honorato;1974-11-08;natoque.penatibus.et@ornarefacilisis.org;true;true;false;true;false;false;true;100;true;true;2021-03-18;1
b228906a-6ca3-47bf-bc2a-3089992cc9bc;Xanthus;1973-10-24;sollicitudin.a.malesuada@luctussit.net;false;false;false;true;false;true;false;50;false;false;2020-08-03;1
b2622cba-9048-4be0-95f2-e571ccbaef49;Alexandra;1998-04-13;lacinia.mattis.Integer@Sedmalesuada.edu;false;true;false;true;true;true;false;100;true;true;2020-10-23;3
b2da30c3-f2a2-457c-ae32-081dd7d68149;Ila;1962-09-27;faucibus@massaSuspendisseeleifend.org;true;false;false;true;false;true;false;100;true;true;2020-12-18;3
b3726609-8c8a-47f3-a5cc-e88fad3ceb0c;Ann;1969-02-28;ipsum@lobortis.edu;true;false;false;false;false;false;true;100;false;false;2020-11-14;3
b45b6a01-f5f0-4498-b437-caf2f1627dcb;Kiayada;1965-01-15;et@cursusinhendrerit.ca;false;true;true;false;false;false;true;30;false;false;2021-03-31;1
b4a8f050-ddb9-4bfc-9cd4-a09cc2e96ded;Indira;2003-12-11;imperdiet.nec@Cumsociisnatoque.com;true;false;false;false;true;false;true;100;false;false;2020-10-19;2
b4b357e9-55c5-453b-91fe-6ee55761d6e7;Harlan;1981-11-22;Nunc.laoreet@vitae.com;true;false;false;false;false;true;false;100;false;false;2021-05-06;2
b4f52a1c-c961-4305-ad88-163ece8020da;Maryam;1990-12-27;vestibulum.lorem@rutrumurnanec.com;true;false;false;false;false;false;true;100;true;true;2020-08-08;2
b4fd018c-b2e6-4597-b45d-39cafa47ddb1;Mason;1976-02-22;cursus.vestibulum.Mauris@interdumligula.com;false;true;true;true;true;false;false;90;false;false;2020-02-11;2
b596ebec-564d-45fb-973f-9d033edb19f4;Eaton;1994-04-28;eleifend.vitae@risusvariusorci.org;false;true;true;false;true;false;false;100;true;true;2020-12-23;2
b60707c1-f6fe-4d2c-a193-e82d261446fa;Dane;2002-06-07;dis.parturient@liberodui.co.uk;false;false;true;true;true;false;false;100;true;true;2021-02-05;2
b631e4f2-a0ca-4746-a9ab-5bc4a254321e;Jamal;1981-10-09;vel.turpis@mi.ca;true;true;true;false;true;false;true;100;false;false;2021-02-03;1
b63ef536-3894-43be-a855-e7c3326979fa;Xena;1972-01-09;dui@non.co.uk;true;false;false;false;false;false;true;100;false;false;2021-05-05;3
b69660d7-be91-4ca4-9737-ac03bbbef87c;April;1992-03-21;luctus.aliquet@elit.org;true;true;false;true;true;true;false;100;true;true;2020-10-14;1
b697007f-826c-4d28-8313-005c6d34da30;Lillith;1976-08-24;amet@ornarefacilisis.org;false;false;false;true;false;true;false;50;false;false;2020-10-08;3
b69ca0cb-535d-4477-b1bd-ffb5f1b9be3b;Giselle;1987-02-10;nunc.nulla.vulputate@Curabiturconsequat.edu;true;false;false;false;true;false;false;100;true;true;2020-05-18;2
b6ccf77c-d03e-4128-8dff-5d1183d05a10;Selma;1971-09-11;consequat.nec.mollis@malesuadamalesuada.ca;false;true;false;true;true;false;true;30;false;false;2021-03-12;3
b6cd3c9d-f8ce-408a-99ee-397a984701e8;Blaze;1988-05-03;lorem.auctor@erosnec.net;true;false;false;false;false;true;true;100;true;true;2020-05-24;1
b760e52d-b74a-4695-b291-a90b0a737854;TaShya;1980-10-09;fringilla.purus@Craseget.edu;false;false;false;true;true;true;false;100;true;true;2020-08-29;3
b78fff52-8a13-4d41-86a6-81677279aae1;Jackson;1989-06-23;dui@lectus.com;false;true;false;false;false;true;false;50;false;false;2020-11-18;2
b79ad235-bbb4-4fa7-b5b8-a936ee2106fa;Plato;1985-12-08;dignissim.lacus@velit.ca;false;true;true;false;true;true;false;100;true;true;2021-05-17;3
b7dd24ae-4f43-43ce-b9cb-b0e13aca4ae7;Scarlet;1970-10-17;Sed.et.libero@pretiumaliquetmetus.org;true;false;true;true;false;false;false;100;false;false;2020-08-30;1
b8f9393f-29f5-4ea9-a59a-d3d06a0b0f0f;Dawn;1970-08-16;Duis.volutpat.nunc@risusDonecegestas.edu;false;true;false;true;true;false;false;90;false;false;2020-03-19;3
b9029529-5f28-45f2-95ff-dc4afdfe85d3;Drake;1976-08-30;sollicitudin@quam.edu;false;true;false;false;true;true;false;100;true;true;2020-09-04;1
b93b62e3-0419-4b40-998f-51cde59d3b25;Blaze;1974-08-01;placerat.velit.Quisque@eunibhvulputate.com;false;true;true;true;true;true;false;100;true;true;2020-05-22;1
b94dfbbd-165d-4569-a775-382e85da88fe;Alika;1993-11-24;Nullam.scelerisque.neque@Loremipsum.org;true;true;true;true;false;false;false;100;true;true;2020-07-19;3
b94f16ba-adf1-4982-a2e2-059fce21a5f4;Todd;1984-05-09;lacus.Aliquam.rutrum@lacus.co.uk;true;false;true;true;true;true;false;100;false;false;2021-03-28;2
ba1b8d8d-a7ec-4898-a7a5-f65cfaa549d2;Noah;1998-08-15;blandit@leo.edu;true;true;false;true;true;false;true;100;true;true;2021-05-10;2
ba43c95e-0466-417c-93ab-b93c5fef4cd4;Solomon;1987-01-21;bibendum.Donec.felis@Duissit.net;true;false;true;true;true;false;true;100;true;true;2020-05-16;2
ba4daa8f-4071-423b-ad46-6183df1e67c7;Paki;1980-06-21;nec.quam@nonenim.edu;false;false;true;false;true;true;false;100;true;true;2020-04-04;1
ba50dfb4-e6c7-4067-9b95-14ab0ea4c0a4;Kellie;1960-08-05;a.arcu@habitant.ca;true;true;false;false;true;false;false;100;true;true;2021-05-26;3
bb508175-6742-469f-85a9-de3ededc2c99;Aphrodite;1965-06-16;id.nunc.interdum@nonlacinia.net;true;false;false;true;true;false;false;100;true;true;2020-09-08;2
bb5109a2-50f3-4a6e-be5f-a730ffd9695b;Jolie;1979-04-11;cursus@nuncest.ca;true;true;true;true;false;false;true;100;true;true;2021-02-21;3
bbc3dc37-c021-400a-b339-5f32e93da6b7;Samuel;1992-10-28;consequat.purus@malesuadafames.edu;true;false;true;true;true;true;true;100;true;true;2021-03-07;1
bd0cde13-5717-4574-8782-1a6f28e2bb53;Jacob;1987-11-28;est@eunulla.co.uk;false;true;true;true;false;false;false;100;true;true;2020-09-05;1
bd15990b-5fa7-47fc-b035-a942517b9625;Candace;1971-07-31;laoreet.ipsum@dolorelit.ca;true;false;true;true;true;false;true;100;false;false;2020-03-02;1
bf02013e-15c5-4c8f-9f1d-71ef4b08ad20;Bert;1967-11-06;sapien@nunc.ca;false;true;true;true;false;true;false;100;true;true;2020-02-13;3
bf1ede9f-6a9d-4c0a-ae3b-b10f0cd3d964;Murphy;1975-12-05;tempor.lorem@tellusNunclectus.co.uk;false;false;false;true;true;false;true;10;false;false;2021-04-07;3
c17c1d3e-a7e8-4277-b8f8-1be96a3d5293;Bell;1994-01-16;in.cursus.et@Aliquamvulputateullamcorper.net;false;false;false;false;true;false;false;30;false;false;2020-02-05;3
c1f4f42f-6ebf-4ba3-9db5-68f67cf5f7f4;Ivy;1982-08-03;congue.In@semperegestasurna.ca;false;false;false;true;true;true;false;50;false;false;2020-04-24;2
c281e5f3-6867-488d-98ec-0882491b9e03;Rogan;1989-04-03;Quisque.varius.Nam@turpis.org;true;true;false;false;false;true;true;100;true;true;2021-01-21;1
c370b2a4-0611-4a97-9bd3-706ad5479f59;Raya;1995-01-29;mauris.aliquam.eu@pedenec.co.uk;true;true;true;true;true;false;false;100;true;true;2021-04-15;2
c376a7e3-553b-4b22-a5c2-1dcfc88b68e8;Jelani;1986-05-26;malesuada@erateget.net;false;true;true;false;false;true;false;60;false;false;2020-02-20;2
c413e344-a604-47b2-9d55-e429a5e2cb56;Ariana;1979-12-17;Mauris.ut@sapienimperdiet.net;false;false;false;false;false;false;false;40;false;false;2020-10-04;1
c4340eb1-143e-4544-83c9-86c9c702d7b8;Hayes;1975-04-17;Class@Sedeget.co.uk;true;true;true;true;false;true;true;100;true;true;2020-11-05;3
c4707714-9329-4f04-8a44-72441637a926;Marny;1992-04-15;in.tempus.eu@Maecenasliberoest.com;true;false;false;false;true;true;true;100;true;true;2021-03-27;1
c4a41bbd-65ff-4700-91f4-8f13236b0936;Travis;1978-06-01;nunc.sed.libero@at.co.uk;false;true;true;true;true;false;false;90;false;false;2021-02-09;3
c4a42f6b-4419-4f7e-90c0-b935e5f701d6;Quentin;1974-08-22;Mauris.vel.turpis@mollis.edu;false;false;true;true;true;true;false;70;false;false;2021-05-20;3
c5e03f7b-bf4d-42d6-9dfd-e3b6975788ce;Sacha;1999-01-31;pede@lobortis.org;true;false;false;false;false;false;true;100;true;true;2020-12-29;3
c6677203-9b5f-437d-a623-fe4d671084a7;Kristen;1971-05-31;mattis.ornare.lectus@fermentumvel.net;false;false;true;true;true;false;true;100;true;true;2021-04-12;1
c757c7a7-cf35-4a4c-a895-782e4b8af060;Driscoll;2000-05-02;porttitor.vulputate.posuere@ut.edu;true;true;false;true;false;true;false;100;true;true;2020-08-26;2
c7dbf24b-773b-4b60-9a57-2d76d28c29bb;Aaron;1994-10-13;consectetuer.ipsum@consectetuer.com;true;false;true;false;true;true;false;100;true;true;2020-05-31;3
c7e32afb-a0f6-44f5-8334-9e7fe30cda8b;Sopoline;2000-09-27;fermentum@erosnonenim.edu;true;true;true;true;true;false;true;100;false;false;2021-05-07;1
c7eb5ed9-dab2-496f-a954-d60c96397b35;Aidan;1993-11-09;ac.libero@SedmolestieSed.net;false;true;true;false;false;true;true;100;true;true;2021-05-22;1
c84e2a05-fea3-452c-862c-430e428850d4;Reed;1971-11-05;Aliquam.auctor.velit@laciniamattisInteger.ca;false;true;true;true;false;true;false;100;true;true;2020-10-24;2
c8633a93-17c4-4157-844c-35cf02e76a9a;Lewis;1978-04-05;interdum.enim@lacus.edu;true;true;false;false;true;true;true;100;false;false;2020-01-21;1
c8e1e2ac-c642-4b8d-ab3d-d3387dcad318;Katell;1970-04-19;non.enim.Mauris@nislsemconsequat.com;false;false;true;true;true;false;true;30;false;false;2021-05-09;3
c92a3442-8977-45b6-a705-03384a07d9dd;Neil;1989-10-04;aliquam.enim.nec@sed.edu;true;true;true;true;false;true;false;100;false;false;2021-05-14;1
c9606420-f161-445f-8d41-a88f211ce0c8;Dara;1986-09-06;ultricies.ornare.elit@magnis.edu;true;false;true;true;true;true;false;100;false;false;2021-03-29;1
cb2a5c0c-fb47-4444-9df5-9e8e7526d9ab;Lance;1980-07-15;venenatis.a.magna@amet.net;false;false;false;true;true;true;false;100;true;true;2021-01-30;2
cb5a0cf0-945c-4297-b10e-61ae35724c45;Neve;2001-01-23;libero@mi.org;false;true;false;false;false;false;true;100;true;true;2020-11-27;1
ccbf0921-8fce-4d97-a682-6af34507d3b8;Brent;1981-07-05;nunc.sit@sitamet.com;false;true;false;false;false;true;false;100;true;true;2020-04-21;2
ccd8a48d-ba77-4da7-8cda-5aa7d9729c60;Kevyn;1989-12-14;Vivamus.non@ProinmiAliquam.ca;false;false;false;false;true;false;true;100;true;true;2021-03-22;3
cd947ab8-7d85-4fd6-9aad-288fad1243bd;Kato;1980-12-16;lobortis.Class.aptent@malesuadaaugueut.org;true;false;false;false;true;false;true;100;false;false;2020-07-20;3
cfab9c17-4110-490d-993d-33252fcc65ec;Sharon;1989-01-08;eget.ipsum@lacus.org;false;false;true;true;true;true;true;10;false;false;2020-08-14;2
d0a13cce-8645-45f6-8c2a-e8e70c77e3d5;Blythe;1977-04-17;vulputate@eutemporerat.org;false;false;false;false;false;false;false;100;true;true;2021-03-27;1
d1cb8939-5383-431d-8b47-877cfc434047;Tarik;1997-09-17;Nullam.scelerisque.neque@Cras.co.uk;false;false;true;true;false;true;false;100;true;true;2020-04-07;3
d225a534-4b79-4802-a134-7088883fe824;Serina;1961-01-08;sed.dolor.Fusce@nislNullaeu.ca;false;true;false;false;false;true;true;0;false;false;2020-08-07;3
d2f50d58-3503-43b3-8cdf-2ad460cf9297;Jenette;1971-01-22;a.enim@dictumeueleifend.co.uk;true;false;true;false;true;false;false;100;false;false;2021-01-12;2
d324abbd-5642-4e4c-9b2c-885c3c867f71;McKenzie;1998-10-07;auctor.nunc@consequat.co.uk;true;false;false;true;false;true;true;100;true;true;2020-03-28;2
d358e400-59c8-41cb-8298-7d141ba5102e;Seth;1960-04-30;quis@ipsumCurabitur.net;true;true;false;false;false;false;false;100;false;false;2020-08-22;1
d3d67e40-a836-4e74-a9b5-a5d54044f487;Madonna;1960-07-03;sit@utcursusluctus.net;false;true;false;true;true;true;true;0;false;false;2020-05-30;3
d53385f4-9885-4362-897d-6f24ea329240;Chester;1971-07-03;ultrices.iaculis.odio@condimentumDonec.co.uk;false;true;true;false;true;true;true;100;true;true;2020-05-06;1
d54ed378-cd68-4218-8c6f-4dc17a0feb1d;Orson;2002-03-02;sit@ultriciesadipiscingenim.com;false;true;false;true;true;true;true;100;true;true;2021-03-10;2
d6ed2c6e-943c-4045-a2fc-b5f9039db3ab;Joel;1998-11-27;eget@vulputaterisusa.edu;false;true;false;true;true;false;false;100;true;true;2020-04-21;1
d7341250-0540-4859-866b-046eaf79a522;Melodie;1971-08-02;enim.commodo@enimnectempus.co.uk;true;true;true;true;true;false;false;100;true;true;2020-03-11;2
d73688ed-04a8-4ecc-825d-28b0850572c4;Tanner;1977-02-20;tortor.dictum.eu@eget.org;true;true;false;false;true;false;true;100;true;true;2020-07-02;3
d741e209-5c5b-4e8b-b61a-5ff904116b13;Deanna;1983-04-19;mi.enim@duiFusce.com;false;false;true;false;false;false;false;40;false;false;2020-07-18;2
d7669f6a-c0b2-43b0-b3a7-8007f03a3549;Leilani;1963-03-28;dictum.ultricies@convallisestvitae.edu;false;false;true;false;true;true;false;100;true;true;2020-04-03;2
d7d2c2a2-7502-492a-9a44-83dbe5d0d1c2;Geoffrey;1965-05-04;faucibus.ut@cursuspurus.org;true;false;false;true;false;true;true;100;false;false;2020-02-10;2
d886d734-4c26-4c53-991d-b52afb7c855b;Amaya;1962-06-27;malesuada@ipsumnunc.net;true;true;true;false;false;true;false;100;true;true;2020-05-30;3
d8a39abc-33fc-486a-9d12-5a4a5a0983c5;Cairo;2002-06-12;aliquet@netusetmalesuada.org;false;false;true;true;false;false;false;30;false;false;2020-09-24;3
d8f07c58-8f1c-4bab-8256-11056bb3468d;Brett;1989-11-05;enim.mi@lorem.co.uk;false;false;false;false;false;true;true;100;true;true;2020-05-05;3
d91c06d5-5937-4059-808a-8b7131f672d5;Wynter;1987-11-15;ornare@Nuncacsem.net;false;false;false;true;false;false;false;40;false;false;2021-03-02;2
d955f169-ff6b-4a95-bb09-4320075dc132;Adara;1998-04-09;ac.ipsum@blanditatnisi.co.uk;true;false;false;false;true;true;false;100;false;false;2021-02-23;3
d9e8cb8b-1184-4d43-af66-a1e65592df7b;Mia;2000-06-05;nulla.Integer@aliquamiaculislacus.com;false;false;false;false;false;true;true;100;true;true;2020-11-14;2
da1bb7eb-68b2-4bb6-a968-6caf93688f32;Uriel;1972-04-28;orci.luctus@leoelementumsem.com;false;false;true;true;false;true;true;100;true;true;2020-04-16;2
da325b55-8f66-4c43-bd61-2f7d4731b906;Xyla;1966-08-21;nulla@ipsumsodales.org;true;true;false;false;false;false;false;100;true;true;2021-02-08;2
da3507b3-441d-428b-a728-c451a27845f5;Oleg;1978-10-15;in.lobortis.tellus@enimnisl.net;false;true;false;false;true;false;true;20;false;false;2020-03-17;3
dac41d5b-2dd9-48f3-91a0-f88c98a4217c;Ila;2001-10-20;tincidunt@utipsum.com;true;true;true;false;false;true;false;100;false;false;2020-08-03;2
dacff9c6-903d-4172-822e-4fffffdc0c61;Alice;1969-03-14;lectus.pede@habitant.ca;true;true;true;true;false;true;true;100;true;true;2020-12-04;3
db8392b7-b66e-40d9-bd7d-3ec98873f8ef;Jescie;1988-05-12;ac.mattis@nulla.edu;true;false;false;false;false;true;true;100;false;false;2020-07-02;1
dbff3368-c958-4737-8b93-2f35e807647c;Hermione;1978-05-30;libero.lacus.varius@congueInscelerisque.org;true;true;false;false;true;false;false;100;true;true;2020-08-20;1
dcb31903-68a9-4f2d-a53e-bbc36a060fc8;Quyn;2001-06-01;litora.torquent.per@dictumeuplacerat.edu;true;true;false;false;true;false;true;100;false;false;2020-11-11;1
dd19672e-436a-4b57-b4e6-c01b7114d691;Talon;1974-06-13;nunc.Quisque@elementumsemvitae.co.uk;false;true;true;false;false;false;true;100;true;true;2020-10-08;2
dd2814a0-0c57-4233-9c50-1787a57795f3;Macon;1968-12-15;in.hendrerit@pede.ca;true;true;true;true;false;true;false;100;false;false;2020-03-24;3
dd4814da-9114-4a52-939d-78495a34c0ef;Nelle;1990-09-19;habitant@Nunc.ca;true;true;true;false;false;false;false;100;true;true;2021-03-26;1
de4403fb-eb84-4407-bb0e-d78be3d67a1c;Raphael;1960-11-24;purus.ac@Quisque.edu;false;true;false;false;true;false;true;0;false;false;2021-05-15;1
dead4762-0421-4206-a8ee-453d28b2175f;Vladimir;1986-08-25;Aliquam@Nuncsollicitudin.edu;true;true;true;false;false;true;false;100;false;false;2020-11-12;3
dfa8568a-d1ef-4038-8666-e662bc78d82d;Alexa;1967-01-13;Donec.felis.orci@amet.ca;false;true;false;false;true;true;true;100;true;true;2021-01-19;3
e00c4cfa-3638-48e7-b2cf-c0ff7f115d8a;Cassidy;1981-11-18;Donec.consectetuer.mauris@conubia.edu;true;true;true;false;false;false;true;100;false;false;2020-06-28;2
e00c50ce-2bf5-437e-9174-7bbae5a0ad33;Griffith;1975-12-29;adipiscing@consectetuer.com;true;true;true;false;false;true;true;100;true;true;2021-05-27;3
e010b440-f2ff-4e2a-9900-0c053986d7c0;Cedric;1983-10-12;pede.ac.urna@tortorNunc.org;true;false;true;false;false;false;true;100;true;true;2020-07-28;2
e08029cf-91a4-4e00-9fe4-682b98189d5c;Alexandra;1994-10-05;suscipit@Sed.edu;false;false;true;false;false;true;false;30;false;false;2020-07-14;2
e0ada726-54df-492c-a98b-8ff5bbc2ca6d;Shelley;1961-01-31;libero@AeneanmassaInteger.co.uk;false;false;true;false;false;false;false;10;false;false;2021-05-19;3
e286496d-8b29-4ef6-a2d0-78f9b3211178;Phillip;1967-08-05;Donec.vitae@gravidaAliquam.edu;false;false;true;true;true;true;true;100;true;true;2021-02-20;1
e2a52a93-29e3-482d-bfb3-b06ee6572d6f;Skyler;1990-12-16;nibh.Phasellus@vulputatelacus.org;false;true;false;true;true;false;false;70;false;false;2021-03-02;2
e3f979eb-9a77-481c-8b55-61e3675c09b1;Leigh;1978-09-26;risus.Donec.nibh@Quisque.edu;true;true;true;true;true;true;false;100;true;true;2020-05-06;3
e46b2b24-40a0-4ea2-a9b0-07589e3f322e;Ignacia;1966-08-28;id.ante@luctussit.net;false;true;false;true;true;true;true;40;false;false;2020-10-29;1
e4997f8d-d153-4013-ade9-99568b4da9f5;Adara;1974-12-18;aliquet.molestie@acrisus.org;true;true;true;false;false;true;true;100;false;false;2020-05-19;3
e4f79070-8f1d-493c-9c6d-cd15d2d54564;Juliet;1992-09-20;nisl.Maecenas.malesuada@Quisquetinciduntpede.org;false;true;false;true;false;true;false;100;true;true;2020-03-11;3
e4fdd308-de5d-469c-83ce-90e9967ac8ad;Chase;1962-08-30;condimentum@Sednecmetus.edu;false;false;true;false;true;true;false;100;true;true;2020-05-05;3
e5c132dd-fcd1-4ce3-8094-9151dbc021a8;Steel;2000-03-11;ac.nulla@nislelementumpurus.org;false;false;true;false;true;false;true;0;false;false;2020-07-11;1
e611cfd2-b96d-4663-bd66-5fe2ca6b84ea;Connor;1966-12-13;ornare@commodoipsumSuspendisse.ca;true;false;false;true;false;true;true;100;true;true;2020-11-06;2
e794a122-e557-4c10-a201-ee56e09586b3;Edan;1987-07-17;congue.In.scelerisque@Phasellusdapibusquam.com;false;true;true;false;false;false;true;10;false;false;2021-01-03;3
e818c0f2-59fb-422b-ae93-31abe00d4493;Germaine;1962-01-23;nunc.sed.libero@sed.org;false;true;false;true;false;false;true;100;true;true;2020-02-08;1
e8fe00af-ecf4-4885-97b6-56c011c2880c;Deirdre;1960-01-11;quis.diam@mollisPhaselluslibero.org;false;false;false;true;false;true;false;100;true;true;2021-02-09;2
e9083ab6-5deb-4371-8a2c-55e56be02376;Tamara;1989-02-28;Quisque@etmagnis.com;false;true;true;false;false;true;false;60;false;false;2020-08-29;1
e95ba322-1073-4f94-a81e-21acc1ebe0b5;Keiko;1984-11-20;aliquet.nec.imperdiet@facilisisnon.edu;true;true;true;true;true;true;false;100;false;false;2020-01-18;2
ea81323c-03bf-4eb2-8a9c-94310b00be3e;Sylvia;1970-06-27;molestie.in.tempus@Proin.net;false;true;false;true;false;true;false;100;true;true;2021-04-13;2
ea9454cc-3cc9-4c27-844e-5e4b2914f3fb;Dakota;1973-07-21;tempor.arcu.Vestibulum@tempuslorem.edu;false;true;false;false;true;true;false;100;true;true;2020-02-13;1
eaccc599-333e-4be0-9936-1a197d487a12;Hunter;1970-07-02;fames.ac.turpis@egestasAliquam.co.uk;false;true;false;true;false;true;false;80;false;false;2020-08-25;3
eae4f57f-c2af-4fa9-9495-aec2c5a34f0f;Imogene;1968-09-09;tellus.non.magna@pharetra.org;true;true;false;true;true;false;true;100;true;true;2021-01-31;2
eb70de40-010e-4e4b-bbf1-64ff19ccaaed;Kenneth;1994-09-30;et.ultrices@Sedeueros.net;false;true;false;false;false;true;true;0;false;false;2020-04-11;3
ebe8ed50-047b-4cd6-ac75-e4b2e3e37021;Stacey;1995-03-14;sit.amet@nislelementumpurus.co.uk;true;true;false;false;false;false;false;100;false;false;2021-02-26;3
ed10b3d1-76ba-4f7b-a7dc-15bf37578091;Autumn;1975-11-05;velit@diamnuncullamcorper.com;false;true;false;true;false;false;true;20;false;false;2020-05-23;2
ed45a52d-4f09-46cd-9e00-30cbb5d690a0;Jin;1992-06-30;Aliquam.adipiscing.lobortis@mollisnec.edu;false;true;false;false;true;true;true;100;true;true;2020-07-21;3
ed685d56-a56a-4d4a-a590-e70f9ca6886c;Brady;1986-09-09;elementum.purus.accumsan@nequenon.com;true;false;false;false;false;false;true;100;true;true;2020-06-01;2
ed7b2d62-c0c1-4cb5-bda3-21a837c1abe1;Kerry;1992-06-30;auctor@nequepellentesque.edu;false;false;true;true;false;false;true;0;false;false;2021-05-09;3
ed7d2892-03e8-4393-b24b-20240af4f9ac;Haley;1972-04-18;rutrum@amagnaLorem.org;false;true;true;true;false;true;true;30;false;false;2020-06-25;3
ed80a470-36c6-4170-8232-2555503b21c4;Isadora;2001-08-17;ridiculus.mus@dolor.edu;true;true;true;false;true;false;false;100;false;false;2021-04-21;3
ee2c9dd4-7f44-477c-9567-1bed769abdcf;Yvette;1968-12-29;malesuada.vel@mollisnon.ca;false;true;true;false;true;false;true;100;true;true;2020-02-14;2
ee5f28e8-da78-4afa-9330-176f13418189;Dominic;1978-12-11;Nunc@quamPellentesquehabitant.com;false;true;true;true;true;false;false;90;false;false;2021-05-24;2
eea888b1-c59f-4b9a-95d5-3614099ef49b;Jena;1986-11-09;neque@eleifendnec.org;false;false;true;false;false;false;false;100;true;true;2020-05-19;3
eeadd0ad-084e-451d-ac9d-0d2584efa57d;Idona;1988-03-23;Phasellus.at@urnaet.co.uk;true;false;false;false;false;true;true;100;true;true;2020-06-30;1
eee2ec12-03dc-48e7-8374-6503c2117dbc;Magee;1964-12-23;Integer.id@Fuscemollis.edu;true;false;false;false;false;false;true;100;false;false;2020-01-12;1
ef815e8a-8062-440d-a7cc-fe7a175e47f4;Hanae;2002-08-28;tellus.sem.mollis@vestibulumloremsit.co.uk;false;true;false;false;false;true;false;30;false;false;2020-10-08;2
efa093ce-c7bc-4063-b211-ca64c91a800d;Basia;1974-02-06;sodales@suscipitestac.ca;true;true;false;true;true;true;false;100;true;true;2020-10-17;1
f0152000-5c56-402e-8e46-e00c92d1d728;Callum;1979-02-24;ac.mi@DonectinciduntDonec.co.uk;true;true;true;false;false;false;true;100;true;true;2020-05-29;1
f108157d-bff0-4e16-a2c1-ea344b5e3e85;Erasmus;1987-01-17;sociis.natoque@estcongue.com;true;false;false;true;false;false;true;100;false;false;2020-05-15;2
f16edbd5-b862-4bb4-bcbd-0bd3dda6d343;Rigel;1975-08-24;nisi.sem@massaIntegervitae.net;false;false;true;false;true;true;false;100;true;true;2021-05-10;1
f195ceae-5b07-415e-b90d-8525ffbc2618;Tatiana;1980-05-05;dictum.eu@utnullaCras.org;true;false;true;false;false;false;true;100;false;false;2021-03-08;3
f1fd34bc-f05e-4e76-8986-159bf5d0dda6;Latifah;1984-12-02;mauris.erat.eget@sem.org;false;true;false;true;false;true;true;100;true;true;2021-03-14;3
f2768ef7-34ef-4e14-a543-5975b9e50df1;Caldwell;2003-04-30;velit@Curabitur.edu;true;false;true;true;true;true;false;100;true;true;2020-05-23;2
f299e141-1dbe-4713-9d69-89aefcc53329;Karen;1982-05-27;lorem@interdumliberodui.net;true;false;false;false;true;false;true;100;false;false;2020-04-01;3
f2d0c2c6-3295-4212-82c6-edab1c0bd614;Kaye;1968-11-18;diam.dictum.sapien@feugiat.ca;true;true;false;false;true;false;false;100;true;true;2020-04-05;1
f2fa53be-e00d-4319-b0f9-dd8a1cba839e;Vernon;1975-12-08;nec.ligula.consectetuer@ametluctusvulputate.co.uk;false;false;false;false;false;true;false;100;true;true;2021-04-25;1
f3a12c96-de62-4057-87bc-0b86267ac80c;Mechelle;1973-06-20;erat.vitae.risus@nec.co.uk;true;true;false;true;true;false;false;100;true;true;2020-03-10;3
f3b3cd56-1a6f-4ba8-aa2c-bff0219a2aa8;Noah;1963-10-24;risus@Maurisblandit.ca;true;false;true;true;false;false;true;100;true;true;2021-05-15;2
f3b49cab-3e31-4936-becc-ca51d9f89902;Nayda;1993-05-11;ante.iaculis.nec@nibhsitamet.edu;false;true;true;true;true;false;false;100;true;true;2021-04-11;1
f4678787-9c85-4228-bdfd-523fa6883d31;Jonas;1973-03-26;dapibus.rutrum.justo@nuncid.org;true;true;false;true;true;true;false;100;true;true;2021-05-03;1
f5173a3e-1cde-444c-90ec-50d514265404;Laurel;1962-06-06;vitae.erat.Vivamus@Sedcongue.com;true;false;false;false;false;true;true;100;true;true;2020-11-28;2
f52ffd0a-08ed-4e20-9742-1fea209e9edf;Ciaran;1998-10-08;auctor.velit@nisia.ca;true;false;true;false;false;false;true;100;true;true;2020-06-05;3
f5709472-c5e0-4071-9937-5a9286bf320f;Josephine;1964-10-14;massa.lobortis@nostra.com;false;false;true;false;true;false;true;20;false;false;2020-01-11;1
f61abaf1-3186-4a00-b44f-11ee659ba927;Aidan;1972-02-23;massa.Quisque@commodoauctorvelit.org;true;true;false;false;false;false;true;100;false;false;2020-09-14;2
f7522297-6466-4e4c-83fd-b33d5a788b6a;Kaye;1983-03-05;gravida.Aliquam@sem.co.uk;true;true;true;true;true;false;false;100;false;false;2020-08-04;3
f76cc441-156a-4ff0-874f-f09e565ae81f;Orlando;1962-12-29;dui@dapibusrutrumjusto.org;true;true;true;false;true;true;false;100;true;true;2020-06-22;1
f7a2b9fe-80cb-40e1-9fda-1e1df9ceffbf;Chaim;1990-10-13;porttitor.scelerisque@placeratorci.edu;false;false;false;true;false;false;true;100;true;true;2021-05-24;1
f8d2ed7c-55f3-4881-964a-b322e546428f;Thane;1993-02-17;ultricies@miDuis.net;true;false;true;true;true;false;true;100;true;true;2021-03-28;1
f91bba7f-c01f-4ae8-ab03-a0fdd05e15e3;Cassady;1986-02-02;dui@mauris.net;true;true;true;true;false;true;false;100;false;false;2020-03-17;2
fa430fbc-0bb8-4e34-a6d6-b19f9e581c16;Ulysses;1962-02-26;magna.nec@cursusnonegestas.org;true;false;true;false;true;true;false;100;true;true;2020-05-10;1
fa9716bf-86bb-43ca-b8ff-66c46f6e7c99;Henry;1987-05-03;eget.lacus.Mauris@elementumat.org;false;false;true;true;true;false;true;10;false;false;2021-04-04;1
faa1a7af-4bec-47fd-b961-b6e65b27493d;Pamela;2003-11-03;ultricies@gravidaPraesent.edu;true;false;true;false;false;true;false;100;false;false;2021-03-10;2
fc37ec0f-699f-442f-aae7-b04579477b33;Harlan;1995-06-09;lacus.Nulla@maurisrhoncus.edu;true;false;true;false;true;true;false;100;false;false;2021-02-22;2
fcbce66e-1209-4183-8693-2a08f8e7353f;Prescott;1974-03-19;arcu.Vestibulum@Fuscefeugiat.com;false;false;false;false;true;false;true;100;true;true;2020-08-02;3
fd5c7a12-ad8c-4f31-9a6e-903fbf77c4c5;Dante;1966-01-20;nunc.interdum@tempor.ca;false;true;true;false;false;false;false;100;true;true;2021-05-26;1
fd82b517-dbd0-46d8-ba5d-9262949a07bb;Shea;2001-04-24;mauris@montes.ca;false;false;true;false;true;false;false;40;false;false;2021-01-24;1
fd840ef6-4432-4761-9a96-c031b42f3347;Josephine;1981-10-20;lobortis.nisi@aliquetvelvulputate.edu;true;true;false;true;true;false;false;100;false;false;2020-10-22;3
fffc427c-8cdf-481c-b6b7-fb1f1b7652a7;Iona;1999-10-10;facilisis@neceuismodin.net;true;false;true;true;true;false;true;100;false;false;2021-03-02;2
